file,site,site_ar,local_datetime,local_time,utc_offset,lat,lon,elevation_m,exposure_s,iso,f_number,cloud,sqm_measured,notes,notes_ar
photo_٢٠٢٦-٠٩-٢٥_٢٣-٥٧-٥٥.jpg,Mosul - Al-Shalalat Equestrian Club,الموصل - نادي الشلالات للفروسية,2024-08-28 21:00:00,21:00,3,36.4265,43.1672,250,,,,0,,Al-Shalalat Equestrian Club (1/3),نادي الشلالات للفروسية (1/3)
photo_٢٠٢٦-٠٩-٢٥_٢٣-٥٧-٥٤ (2).jpg,Mosul - Al-Shalalat Equestrian Club,الموصل - نادي الشلالات للفروسية,2024-08-28 21:00:00,21:00,3,36.4265,43.1672,250,,,,0,,Al-Shalalat Equestrian Club - trees on right (2/3),نادي الشلالات - أشجار على اليمين (2/3)
photo_٢٠٢٦-٠٩-٢٥_٢٣-٥٧-٥٢ (2).jpg,Mosul - Al-Shalalat Equestrian Club,الموصل - نادي الشلالات للفروسية,2024-08-28 21:00:00,21:00,3,36.4265,43.1672,250,,,,0,,Al-Shalalat Equestrian Club - clear blue sky (3/3),نادي الشلالات - سماء صافية (3/3)
photo_٢٠٢٦-٠٩-٢٥_٢٣-٥٧-٥٥ (2).jpg,Mosul - Al-Shalalat Equestrian Club,الموصل - نادي الشلالات للفروسية,2024-08-28 21:00:00,21:00,3,36.4265,43.1672,250,,,,0,,Telescope shot (1/2),صورة بالتلسكوب (1/2)
photo_٢٠٢٦-٠٩-٢٥_٢٣-٥٧-٥٥ (3).jpg,Mosul - Al-Shalalat Equestrian Club,الموصل - نادي الشلالات للفروسية,2024-08-28 21:00:00,21:00,3,36.4265,43.1672,250,,,,0,,Telescope shot (2/2),صورة بالتلسكوب (2/2)
photo_٢٠٢٦-٠٩-٢٥_٢٣-٥٧-٥٢.jpg,Mosul - Residential Area,الموصل - منطقة سكنية,2024-08-28 00:00:00,00:00,3,36.3489,43.1577,225,,,,0,,Light pollution inside a residential area at midnight,التلوث الضوئي داخل منطقة سكنية عند منتصف الليل
photo_٢٠٢٦-٠٩-٢٥_٢٣-٥٧-٥٤.jpg,Mosul - Residential Area,الموصل - منطقة سكنية,2024-08-28 02:30:00,02:30,3,36.3489,43.1577,225,,,,0,,Residential area at 2:30 AM - next to building edge,منطقة سكنية الساعة 2:30 فجراً - بجانب حافة بناية
photo_٢٠٢٦-٠٩-٢٥_٢٣-٥٧-٥٣ (2).jpg,Mosul - Residential Area,الموصل - منطقة سكنية,2024-08-28 02:30:00,02:30,3,36.3489,43.1577,225,,,,0,,Residential area at 2:30 AM - Pleiades cluster,منطقة سكنية الساعة 2:30 فجراً - عنقود الثريا
photo_٢٠٢٦-٠٩-٢٥_٢٣-٥٧-٥٣.jpg,Mosul - Residential Area,الموصل - منطقة سكنية,2024-08-28 02:30:00,02:30,3,36.3489,43.1577,225,,,,0,,Residential area at 2:30 AM - Moon/Mars/Jupiter/Aldebaran/Elnath,منطقة سكنية الساعة 2:30 فجراً - القمر والمريخ والمشتري والدبران والنطح
