site_key,name_en,name_ar,lat,lon,elevation_m,engine,ai_sqm,uncertainty_sqm,bortle,bortle_name,nelm,naked_eye_stars,satellite_only_sqm,v1_sqm,radiance_point,radiance_10km,radiance_10_50km,radiance_50_160km,skyglow_index,darkest_direction,city_glow_direction,tonight_time_utc,tonight_cloud_pct,tonight_moon_pct,tonight_sqm,tonight_visible_deep_sky
mosulCenter,Mosul Downtown,مركز الموصل,36.3587,43.1307,223,v2 NASA Black Marble 2024,17.6,0.827,7,Suburban/urban,3.63,173,17.96,18.41,91.19,65.11,4.54,7.41,768.3,NW,SE,2026-09-26T16:29:02.551Z,0,100,16.94,1
baashiqa,Ba'ashiqa Hills,تلال بعشيقة,36.452,43.348,385,v2 NASA Black Marble 2024,18.32,0.827,6,Bright suburban,4.24,343,18.19,20.77,56.62,5.57,7.7,2.19,73.9,N,SW,2026-09-26T16:29:02.551Z,40,100,17.43,1
badush,Badush Ridge,مرتفعات بادوش,36.5612,43.112,512,v2 NASA Black Marble 2024,19.87,0.827,5,Suburban,5.41,1283,20.11,20.8,1.13,3.13,6,1.39,38.2,W,S,2026-09-26T16:29:02.551Z,59,100,19.3,4
hatra,Al-Hatra,الحضر,35.589,42.718,238,v2 NASA Black Marble 2024,19.83,0.827,5,Suburban,5.37,1238,18.9,21.2,13.46,1.24,0.26,2.12,27.1,NW,SE,2026-09-26T16:29:02.551Z,0,100,18.68,2
sinjar,Mount Sinjar,جبل سنجار,36.371,41.874,1420,v2 NASA Black Marble 2024,20.63,0.827,4,Rural/suburban,5.9,2229,21.68,21.3,0,1.79,2.18,2.22,13.6,W,S,2026-09-26T16:39:02.551Z,0,100,19.41,4
baghdadCenter,Baghdad,بغداد,33.3152,44.3661,34,v2 NASA Black Marble 2024,17.49,0.827,8,City sky,3.53,155,17.35,17.46,305.85,141.14,18.81,2.4,1330.7,N,SW,2026-09-26T16:19:02.551Z,0,100,16.82,1
basraCenter,Basra,البصرة,30.5081,47.7835,5,v2 NASA Black Marble 2024,17.5,0.827,8,City sky,3.54,156,17.46,17.4,247.16,129.97,28.06,13.85,1560.5,W,NE,2026-09-26T16:09:02.551Z,0,100,16.68,1
erbilCenter,Erbil,أربيل,36.1911,44.0092,420,v2 NASA Black Marble 2024,17.83,0.827,7,Suburban/urban,3.83,216,17.98,18.24,86.39,50.47,4.85,1.86,582,W,SE,2026-09-26T16:29:02.551Z,1,100,17.46,1
najafCenter,Najaf,النجف,31.9928,44.3168,54,v2 NASA Black Marble 2024,17.63,0.827,7,Suburban/urban,3.65,177,17.27,18.15,365.83,64.32,5.94,2.33,663.3,W,NE,2026-09-26T16:19:02.551Z,0,100,16.98,1
sulaymaniyahCenter,Sulaymaniyah,السليمانية,35.5558,45.4351,882,v2 NASA Black Marble 2024,17.9,0.827,7,Suburban/urban,3.88,229,17.86,18.3,111.35,38.85,2.39,1.1,498.9,S,NW,2026-09-26T16:19:02.551Z,0,100,17.59,1
kirkukCenter,Kirkuk,كركوك,35.4673,44.3855,350,v2 NASA Black Marble 2024,17.76,0.827,7,Suburban/urban,3.76,201,17.84,18.21,115.94,85.17,4.75,1.74,706.3,W,NW,2026-09-26T16:29:02.551Z,0,100,17.44,1
ramadiCenter,Ramadi,الرمادي,33.4243,43.3021,50,v2 NASA Black Marble 2024,17.65,0.827,7,Suburban/urban,3.67,181,17.57,18.16,199.87,60.54,3.25,3.21,843.4,S,SW,2026-09-26T16:29:02.551Z,0,100,17.01,1
rutba,Ar-Rutbah Desert (35 km SW of town),صحراء الرطبة (35 كم جنوب غرب المدينة),32.8,40,693,v2 NASA Black Marble 2024,21.48,0.827,3,Rural,6.37,3823,21.68,21.21,0,0,0.03,0,0,N,NE,2026-09-26T16:39:02.551Z,3,100,20.07,8
