lat,lon,elevation_m,ai_sqm,bortle,nelm,radiance_point
29,39,810,21.53,3,6.4,0
29,39.25,856,21.49,3,6.38,0
29,39.5,889,21.53,3,6.4,0
29,39.75,865,21.53,3,6.4,0
29,40,847,21.52,3,6.39,0
29,40.25,822,21.45,3,6.36,0
29,40.5,821,21.39,3,6.33,0
29,40.75,792,21.52,3,6.39,0
29,41,775,21.52,3,6.39,0
29,41.25,753,21.52,3,6.39,0
29,41.5,718,21.53,3,6.4,0
29,41.75,708,21.49,3,6.38,0
29,42,694,21.53,3,6.4,0
29,42.25,674,21.53,3,6.4,0
29,42.5,656,21.45,3,6.36,0
29,42.75,615,21.47,3,6.37,0
29,43,558,21.51,3,6.39,0
29,43.25,580,21.51,3,6.39,0
29,43.5,575,21.51,3,6.39,0
29,43.75,534,21.51,3,6.39,0
29,44,487,21.43,3,6.35,0
29,44.25,450,21.41,3,6.34,0
29,44.5,411,21.35,3,6.31,0
29,44.75,389,21.21,4,6.23,0.06
29,45,384,21.37,3,6.32,0
29,45.25,365,21.43,3,6.35,0
29,45.5,347,21.43,3,6.35,0
29,45.75,332,21.3,4,6.28,0
29,46,331,21.41,3,6.34,0
29,46.25,311,21.39,3,6.33,0
29,46.5,234,20.97,4,6.1,0
29,46.75,286,21,4,6.12,0.06
29,47,267,20.98,4,6.1,0
29,47.25,238,20.98,4,6.1,0
29,47.5,175,20.48,4,5.81,1
29,47.75,121,19.38,5,5.06,2.21
29,48,65,18.8,6,4.62,7.75
29,48.25,0,19.22,5,4.94,2.33
29,48.5,0,20.7,4,5.94,0.32
29.25,39,781,21.43,3,6.35,0
29.25,39.25,732,21.46,3,6.36,0
29.25,39.5,944,21.5,3,6.38,0
29.25,39.75,802,21.46,3,6.36,0
29.25,40,717,21.31,4,6.29,0
29.25,40.25,754,21.46,3,6.36,0
29.25,40.5,754,21.46,3,6.36,0
29.25,40.75,768,21.52,3,6.39,0
29.25,41,730,21.39,3,6.33,0
29.25,41.25,731,21.53,3,6.4,0
29.25,41.5,721,21.38,3,6.32,0.19
29.25,41.75,682,21.4,3,6.33,0
29.25,42,656,21.52,3,6.39,0
29.25,42.25,584,21.48,3,6.37,0
29.25,42.5,630,21.53,3,6.4,0
29.25,42.75,619,21.31,4,6.29,0
29.25,43,557,21.49,3,6.38,0
29.25,43.25,549,21.44,3,6.35,0
29.25,43.5,515,21.38,3,6.32,0
29.25,43.75,501,21.36,3,6.31,0
29.25,44,446,20.91,4,6.06,0
29.25,44.25,419,21.4,3,6.33,0
29.25,44.5,387,21.4,3,6.33,0
29.25,44.75,374,21.36,3,6.31,0
29.25,45,359,21.37,3,6.32,0
29.25,45.25,346,21.43,3,6.35,0
29.25,45.5,319,21.42,3,6.34,0
29.25,45.75,294,21.43,3,6.35,0
29.25,46,310,21.43,3,6.35,0
29.25,46.25,298,21.32,4,6.29,0
29.25,46.5,290,21.02,4,6.13,0
29.25,46.75,234,21.19,4,6.22,0
29.25,47,242,21,4,6.12,0
29.25,47.25,209,20.52,4,5.83,0.66
29.25,47.5,149,19.77,5,5.34,1.67
29.25,47.75,41,18.72,6,4.55,5.33
29.25,48,45,17.84,7,3.83,133.81
29.25,48.25,0,19.91,5,5.43,0.64
29.25,48.5,0,20.83,4,6.02,0
29.5,39,754,21.52,3,6.39,0
29.5,39.25,858,21.36,3,6.31,0
29.5,39.5,702,21.36,3,6.31,0
29.5,39.75,652,21.38,3,6.32,0
29.5,40,692,21.15,4,6.2,0
29.5,40.25,739,21.39,3,6.33,0
29.5,40.5,728,21.37,3,6.32,0
29.5,40.75,713,21.48,3,6.37,0
29.5,41,726,21.43,3,6.35,0
29.5,41.25,689,21.3,4,6.28,0
29.5,41.5,648,21.52,3,6.39,0
29.5,41.75,594,21.51,3,6.39,0
29.5,42,575,21.47,3,6.37,0
29.5,42.25,584,21.51,3,6.39,0
29.5,42.5,548,21.51,3,6.39,0
29.5,42.75,530,21.51,3,6.39,0
29.5,43,494,21.33,4,6.3,0
29.5,43.25,506,21.33,4,6.3,0
29.5,43.5,477,20.65,4,5.91,0.62
29.5,43.75,448,21.32,4,6.29,0
29.5,44,426,21.43,3,6.35,0
29.5,44.25,397,21.36,3,6.31,0
29.5,44.5,387,21.43,3,6.35,0
29.5,44.75,332,21.43,3,6.35,0
29.5,45,341,21.43,3,6.35,0
29.5,45.25,311,21.35,3,6.31,0
29.5,45.5,261,21.43,3,6.35,0
29.5,45.75,274,21.44,3,6.35,0
29.5,46,257,21.31,4,6.29,0
29.5,46.25,267,21.35,3,6.31,0
29.5,46.5,260,21.3,4,6.28,0
29.5,46.75,237,21.21,4,6.23,0
29.5,47,213,20.99,4,6.11,0
29.5,47.25,174,20.82,4,6.01,0
29.5,47.5,140,19.82,5,5.37,0.99
29.5,47.75,80,19.34,5,5.03,2.01
29.5,48,0,19.6,5,5.22,2.27
29.5,48.25,0,20.68,4,5.93,0.67
29.5,48.5,0,20.81,4,6.01,0
29.75,39,618,21.45,3,6.36,0
29.75,39.25,724,21.39,3,6.33,0
29.75,39.5,656,21.39,3,6.33,0
29.75,39.75,663,20.68,4,5.93,0.69
29.75,40,674,19.71,5,5.29,1.62
29.75,40.25,673,20.79,4,5.99,0.68
29.75,40.5,690,21.02,4,6.13,0
29.75,40.75,695,21.39,3,6.33,0
29.75,41,670,21.37,3,6.32,0
29.75,41.25,617,21.51,3,6.39,0
29.75,41.5,575,21.51,3,6.39,0
29.75,41.75,572,21.46,3,6.36,0
29.75,42,550,21.51,3,6.39,0
29.75,42.25,521,21.44,3,6.35,0
29.75,42.5,480,21.44,3,6.35,0
29.75,42.75,455,21.41,3,6.34,0
29.75,43,440,21.33,4,6.3,0
29.75,43.25,447,20.12,5,5.57,0.45
29.75,43.5,433,21.1,4,6.17,0
29.75,43.75,403,21.34,4,6.3,0
29.75,44,423,21.42,3,6.34,0
29.75,44.25,422,21.43,3,6.35,0
29.75,44.5,371,21.43,3,6.35,0
29.75,44.75,345,21.43,3,6.35,0
29.75,45,323,21.43,3,6.35,0
29.75,45.25,269,21.43,3,6.35,0
29.75,45.5,231,21.43,3,6.35,0
29.75,45.75,244,21.43,3,6.35,0
29.75,46,225,21.38,3,6.32,0
29.75,46.25,243,21.31,4,6.29,0
29.75,46.5,218,21.3,4,6.28,0
29.75,46.75,183,21.05,4,6.14,0
29.75,47,148,20.99,4,6.11,0
29.75,47.25,120,20.95,4,6.09,0
29.75,47.5,104,20.5,4,5.82,0.68
29.75,47.75,36,19.43,5,5.09,2.19
29.75,48,22,20.34,5,5.72,0.95
29.75,48.25,1,20.73,4,5.96,0
29.75,48.5,0,20.85,4,6.03,0.2
30,39,584,21.22,4,6.24,0
30,39.25,709,21.29,4,6.28,0
30,39.5,775,21.39,3,6.33,0
30,39.75,781,20.99,4,6.11,0
30,40,645,20.72,4,5.95,0.92
30,40.25,560,18.26,6,4.18,117.2
30,40.5,692,20.85,4,6.03,0
30,40.75,666,21.16,4,6.2,0
30,41,608,21.37,3,6.32,0
30,41.25,588,21.5,3,6.38,0
30,41.5,572,21.51,3,6.39,0
30,41.75,506,21.44,3,6.35,0
30,42,494,21.44,3,6.35,0
30,42.25,495,21.31,4,6.29,0
30,42.5,466,21.41,3,6.34,0
30,42.75,415,21.21,4,6.23,0.12
30,43,401,21.34,4,6.3,0
30,43.25,392,21.36,3,6.31,0
30,43.5,404,21.17,4,6.21,0
30,43.75,416,21.25,4,6.25,0
30,44,390,21.43,3,6.35,0
30,44.25,373,21.39,3,6.33,0
30,44.5,356,21.43,3,6.35,0
30,44.75,321,21.43,3,6.35,0
30,45,291,21.43,3,6.35,0
30,45.25,225,21.44,3,6.35,0
30,45.5,231,21.4,3,6.33,0
30,45.75,208,21.36,3,6.31,0
30,46,181,21.05,4,6.14,0
30,46.25,190,21.3,4,6.28,0
30,46.5,156,21.25,4,6.25,0
30,46.75,121,21.18,4,6.22,0
30,47,109,20.97,4,6.1,0
30,47.25,96,20.68,4,5.93,0.64
30,47.5,70,19.34,5,5.03,4.32
30,47.75,28,18.85,6,4.66,10.99
30,48,0,19.56,5,5.19,2.45
30,48.25,0,20.69,4,5.93,0.73
30,48.5,1,19.18,5,4.91,4.99
30.25,39,636,21.53,3,6.4,0
30.25,39.25,756,21.5,3,6.38,0
30.25,39.5,779,21.5,3,6.38,0
30.25,39.75,801,21.41,3,6.34,0
30.25,40,817,21.32,4,6.29,0
30.25,40.25,646,20.68,4,5.93,0.65
30.25,40.5,754,21.01,4,6.12,0
30.25,40.75,668,21.32,4,6.29,0
30.25,41,639,21.48,3,6.37,0
30.25,41.25,597,21.38,3,6.32,0
30.25,41.5,524,21.52,3,6.39,0
30.25,41.75,482,21.46,3,6.36,0
30.25,42,447,21.41,3,6.34,0
30.25,42.25,443,21.26,4,6.26,0
30.25,42.5,414,21.26,4,6.26,0
30.25,42.75,407,21.44,3,6.35,0
30.25,43,328,21.4,3,6.33,0
30.25,43.25,340,21.45,3,6.36,0
30.25,43.5,412,21.43,3,6.35,0
30.25,43.75,374,21.45,3,6.36,0
30.25,44,346,21.4,3,6.33,0
30.25,44.25,350,21.36,3,6.31,0
30.25,44.5,328,21.43,3,6.35,0
30.25,44.75,285,21.37,3,6.32,0
30.25,45,249,21.45,3,6.36,0
30.25,45.25,221,21.24,4,6.25,0
30.25,45.5,192,21.41,3,6.34,0
30.25,45.75,163,21.05,4,6.14,0
30.25,46,131,21.24,4,6.25,0
30.25,46.25,101,21.3,4,6.28,0
30.25,46.5,101,21.18,4,6.22,0
30.25,46.75,78,20.94,4,6.08,0.54
30.25,47,76,20.69,4,5.93,0.69
30.25,47.25,56,19.44,5,5.1,2.67
30.25,47.5,35,19.29,5,4.99,6.13
30.25,47.75,17,18.35,6,4.26,23.64
30.25,48,2,19.84,5,5.39,1.25
30.25,48.25,2,19.75,5,5.32,1.23
30.25,48.5,2,20.23,5,5.65,0.91
30.5,39,721,21.3,4,6.28,0
30.5,39.25,811,21.36,3,6.31,0
30.5,39.5,819,21.49,3,6.38,0
30.5,39.75,819,21.42,3,6.34,0
30.5,40,808,21.32,4,6.29,0
30.5,40.25,777,21.35,3,6.31,0
30.5,40.5,738,21.33,4,6.3,0
30.5,40.75,662,21.37,3,6.32,0
30.5,41,570,21.18,4,6.22,0
30.5,41.25,557,21.31,4,6.29,0
30.5,41.5,506,21.3,4,6.28,0
30.5,41.75,456,21.4,3,6.33,0
30.5,42,425,20.79,4,5.99,0
30.5,42.25,418,21.18,4,6.22,0
30.5,42.5,371,21.39,3,6.33,0
30.5,42.75,364,21.42,3,6.34,0
30.5,43,309,21.42,3,6.34,0
30.5,43.25,378,21.42,3,6.34,0
30.5,43.5,367,21.36,3,6.31,0
30.5,43.75,337,21.42,3,6.34,0
30.5,44,343,21.4,3,6.33,0
30.5,44.25,311,21.39,3,6.33,0
30.5,44.5,238,21.34,4,6.3,0
30.5,44.75,241,21.36,3,6.31,0
30.5,45,177,21.35,3,6.31,0
30.5,45.25,176,21.33,4,6.3,0
30.5,45.5,142,21.33,4,6.3,0
30.5,45.75,77,21.31,4,6.29,0
30.5,46,49,21.26,4,6.26,0
30.5,46.25,48,21.13,4,6.19,0
30.5,46.5,49,21.11,4,6.18,0
30.5,46.75,39,19.57,5,5.2,0.71
30.5,47,24,19.38,5,5.06,3.34
30.5,47.25,20,18.47,6,4.36,7.18
30.5,47.5,2,18.77,6,4.59,5.16
30.5,47.75,2,17.74,7,3.75,54.23
30.5,48,2,18.82,6,4.63,4.88
30.5,48.25,2,18.56,6,4.43,28.71
30.5,48.5,1,20.32,5,5.7,0.58
30.75,39,793,21.42,3,6.34,0
30.75,39.25,990,21.42,3,6.34,0
30.75,39.5,836,21.49,3,6.38,0
30.75,39.75,821,21.4,3,6.33,0
30.75,40,797,21.37,3,6.32,0
30.75,40.25,783,21.35,3,6.31,0
30.75,40.5,667,21.41,3,6.34,0
30.75,40.75,653,21.18,4,6.22,0
30.75,41,594,20.99,4,6.11,0
30.75,41.25,531,21.22,4,6.24,0
30.75,41.5,489,21.3,4,6.28,0
30.75,41.75,466,21.36,3,6.31,0
30.75,42,421,21.4,3,6.33,0
30.75,42.25,387,21.4,3,6.33,0
30.75,42.5,358,21.43,3,6.35,0
30.75,42.75,331,21.37,3,6.32,0
30.75,43,309,21.34,4,6.3,0
30.75,43.25,380,21.4,3,6.33,0
30.75,43.5,327,21.31,4,6.29,0
30.75,43.75,311,21.43,3,6.35,0
30.75,44,294,21.36,3,6.31,0
30.75,44.25,256,21.3,4,6.28,0
30.75,44.5,211,21.34,4,6.3,0
30.75,44.75,182,21.2,4,6.23,0
30.75,45,149,21.34,4,6.3,0
30.75,45.25,125,21.26,4,6.26,0
30.75,45.5,79,21.27,4,6.26,0
30.75,45.75,18,21.14,4,6.19,0
30.75,46,5,21.11,4,6.18,0
30.75,46.25,10,20.68,4,5.93,0.11
30.75,46.5,3,20.64,4,5.9,0.62
30.75,46.75,2,20.64,4,5.9,0.63
30.75,47,1,20.26,5,5.67,1.22
30.75,47.25,1,18.94,6,4.73,5.21
30.75,47.5,1,19.04,6,4.8,3.17
30.75,47.75,2,18.69,6,4.53,5.43
30.75,48,2,19.79,5,5.35,1.92
30.75,48.25,2,18.51,6,4.39,17.42
30.75,48.5,4,19.97,5,5.47,0.9
31,39,860,21.37,3,6.32,0
31,39.25,892,21.41,3,6.34,0
31,39.5,838,21.3,4,6.28,0
31,39.75,838,21.46,3,6.36,0
31,40,814,21.41,3,6.34,0
31,40.25,784,21.35,3,6.31,0
31,40.5,711,21.31,4,6.29,0
31,40.75,632,20.99,4,6.11,0
31,41,564,18.19,6,4.13,87.34
31,41.25,512,20.64,4,5.9,0.64
31,41.5,451,21.27,4,6.26,0
31,41.75,393,21.26,4,6.26,0
31,42,375,21.43,3,6.35,0
31,42.25,328,21.43,3,6.35,0
31,42.5,314,21.41,3,6.34,0
31,42.75,315,21.35,3,6.31,0
31,43,317,21.43,3,6.35,0
31,43.25,341,21.43,3,6.35,0
31,43.5,341,21.4,3,6.33,0
31,43.75,307,21.35,3,6.31,0
31,44,254,21.37,3,6.32,0
31,44.25,221,21.34,4,6.3,0
31,44.5,174,21.34,4,6.3,0
31,44.75,139,21.27,4,6.26,0
31,45,93,21.21,4,6.23,0
31,45.25,49,21.14,4,6.19,0
31,45.5,13,21.12,4,6.18,0
31,45.75,6,20.82,4,6.01,0
31,46,5,20.48,4,5.81,0.63
31,46.25,1,18.17,6,4.11,37.4
31,46.5,3,19.76,5,5.33,1.25
31,46.75,2,19.47,5,5.12,1.47
31,47,1,19.21,5,4.93,2.03
31,47.25,1,17.78,7,3.78,60.24
31,47.5,3,18.94,6,4.73,6.27
31,47.75,3,19.16,5,4.89,4.03
31,48,4,18.96,6,4.74,10.66
31,48.25,7,19.56,5,5.19,2.3
31,48.5,7,20.26,5,5.67,1.68
31.25,39,830,21.4,3,6.33,0
31.25,39.25,815,21.42,3,6.34,0
31.25,39.5,833,21.49,3,6.38,0
31.25,39.75,813,21.41,3,6.34,0
31.25,40,796,21.42,3,6.34,0
31.25,40.25,778,21.45,3,6.36,0
31.25,40.5,727,21.42,3,6.34,0
31.25,40.75,673,21.1,4,6.17,0
31.25,41,592,21.11,4,6.18,0
31.25,41.25,515,21.08,4,6.16,0
31.25,41.5,426,20.75,4,5.97,0.56
31.25,41.75,407,21.32,4,6.29,0
31.25,42,339,21.43,3,6.35,0
31.25,42.25,306,21.43,3,6.35,0
31.25,42.5,294,21.43,3,6.35,0
31.25,42.75,299,21.43,3,6.35,0
31.25,43,312,21.43,3,6.35,0
31.25,43.25,290,21.43,3,6.35,0
31.25,43.5,305,21.35,3,6.31,0
31.25,43.75,268,21.32,4,6.29,0
31.25,44,220,21.32,4,6.29,0
31.25,44.25,159,21.33,4,6.3,0
31.25,44.5,113,21.27,4,6.26,0
31.25,44.75,58,21.19,4,6.22,0.06
31.25,45,21,20.4,4,5.76,2.97
31.25,45.25,12,17.94,7,3.92,220.93
31.25,45.5,7,19.6,5,5.22,1.73
31.25,45.75,7,20.74,4,5.96,0.55
31.25,46,4,20.49,4,5.81,0.67
31.25,46.25,7,19.24,5,4.95,4.8
31.25,46.5,4,20.18,5,5.61,0.91
31.25,46.75,3,20.51,4,5.82,0.76
31.25,47,3,20.5,4,5.82,0.85
31.25,47.25,1,19.92,5,5.44,1.96
31.25,47.5,3,19.78,5,5.34,2.03
31.25,47.75,2,19.13,5,4.87,2.92
31.25,48,4,19.43,5,5.09,5.06
31.25,48.25,9,19.48,5,5.13,3.22
31.25,48.5,12,18.73,6,4.56,11.16
31.5,39,849,21.34,4,6.3,0
31.5,39.25,884,21.31,4,6.29,0
31.5,39.5,863,21.12,4,6.18,0
31.5,39.75,803,21.34,4,6.3,0
31.5,40,776,20.84,4,6.02,0.65
31.5,40.25,763,21.37,3,6.32,0
31.5,40.5,720,21.5,3,6.38,0
31.5,40.75,680,21.47,3,6.37,0
31.5,41,595,21.49,3,6.38,0
31.5,41.25,508,21.37,3,6.32,0
31.5,41.5,450,21.37,3,6.32,0
31.5,41.75,388,21.31,4,6.29,0
31.5,42,343,21.38,3,6.32,0
31.5,42.25,312,21.44,3,6.35,0
31.5,42.5,283,21.44,3,6.35,0
31.5,42.75,267,21.44,3,6.35,0
31.5,43,299,21.41,3,6.34,0
31.5,43.25,298,21.36,3,6.31,0
31.5,43.5,284,21.29,4,6.28,0
31.5,43.75,226,21.17,4,6.21,0
31.5,44,172,21.2,4,6.23,0
31.5,44.25,109,21.16,4,6.2,0
31.5,44.5,59,20.63,4,5.9,0
31.5,44.75,15,20.87,4,6.04,0.69
31.5,45,13,20.15,5,5.59,3.22
31.5,45.25,13,18.94,6,4.73,10.41
31.5,45.5,9,20.47,4,5.8,0.63
31.5,45.75,8,20.77,4,5.98,0.46
31.5,46,7,20.46,4,5.79,0.96
31.5,46.25,8,19.64,5,5.25,3.42
31.5,46.5,6,20.48,4,5.81,0.72
31.5,46.75,4,20.78,4,5.99,0.55
31.5,47,5,19.92,5,5.44,1.53
31.5,47.25,4,19.49,5,5.14,1.65
31.5,47.5,3,19.94,5,5.45,2.55
31.5,47.75,4,20.46,4,5.79,0.96
31.5,48,9,19.53,5,5.17,6.98
31.5,48.25,11,19.4,5,5.07,6.08
31.5,48.5,19,19.73,5,5.31,1.59
31.75,39,839,20.18,5,5.61,1.4
31.75,39.25,882,21.22,4,6.24,0
31.75,39.5,857,21.37,3,6.32,0
31.75,39.75,826,21.4,3,6.33,0
31.75,40,782,21.41,3,6.34,0
31.75,40.25,739,21.49,3,6.38,0
31.75,40.5,705,21.5,3,6.38,0
31.75,40.75,672,21.5,3,6.38,0
31.75,41,630,21.36,3,6.31,0
31.75,41.25,539,21.38,3,6.32,0
31.75,41.5,456,21.45,3,6.36,0
31.75,41.75,392,21.44,3,6.35,0
31.75,42,345,21.44,3,6.35,0
31.75,42.25,307,21.41,3,6.34,0
31.75,42.5,316,21.44,3,6.35,0
31.75,42.75,280,21.41,3,6.34,0
31.75,43,256,21.28,4,6.27,0
31.75,43.25,266,21.29,4,6.28,0
31.75,43.5,223,21.33,4,6.3,0
31.75,43.75,186,21.17,4,6.21,0
31.75,44,116,21.01,4,6.12,0
31.75,44.25,48,20.49,4,5.81,0.54
31.75,44.5,18,19.47,5,5.12,3.38
31.75,44.75,18,20.47,4,5.8,0.8
31.75,45,17,19.46,5,5.12,2.51
31.75,45.25,13,20.48,4,5.81,0.56
31.75,45.5,11,20.76,4,5.98,0.11
31.75,45.75,10,20.68,4,5.93,0.84
31.75,46,8,18.54,6,4.41,18.34
31.75,46.25,9,19.88,5,5.41,1.97
31.75,46.5,9,20.77,4,5.98,0.76
31.75,46.75,8,20.48,4,5.81,0.58
31.75,47,6,19.58,5,5.2,5.63
31.75,47.25,6,19.14,5,4.88,2.71
31.75,47.5,5,19.21,5,4.93,6.04
31.75,47.75,6,20.46,4,5.79,0.93
31.75,48,9,20.49,4,5.81,0.73
31.75,48.25,47,20.68,4,5.93,0.55
31.75,48.5,32,19.77,5,5.34,2.35
32,39,872,21.23,4,6.24,0
32,39.25,924,21.34,4,6.3,0
32,39.5,885,21.45,3,6.36,0
32,39.75,860,21.4,3,6.33,0
32,40,783,21.49,3,6.38,0
32,40.25,727,21.41,3,6.34,0
32,40.5,703,21.49,3,6.38,0
32,40.75,643,21.49,3,6.38,0
32,41,619,21.43,3,6.35,0
32,41.25,556,21.47,3,6.37,0
32,41.5,461,21.45,3,6.36,0
32,41.75,410,21.37,3,6.32,0
32,42,348,21.44,3,6.35,0
32,42.25,307,21.34,4,6.3,0
32,42.5,289,21.44,3,6.35,0
32,42.75,272,21.32,4,6.29,0
32,43,243,21.35,3,6.31,0
32,43.25,205,21.27,4,6.26,0
32,43.5,179,21.16,4,6.2,0
32,43.75,110,21.14,4,6.19,0
32,44,50,20.66,4,5.92,0.54
32,44.25,10,18.95,6,4.73,2.92
32,44.5,21,18.94,6,4.73,5.33
32,44.75,21,19.47,5,5.12,2.49
32,45,20,18.96,6,4.74,9.8
32,45.25,16,20.07,5,5.54,1.55
32,45.5,13,20.9,4,6.06,0.58
32,45.75,10,20.76,4,5.98,0.54
32,46,13,20.1,5,5.56,1.18
32,46.25,11,20.51,4,5.82,0.73
32,46.5,9,20.93,4,6.08,0.06
32,46.75,8,20.47,4,5.8,0.61
32,47,6,20.46,4,5.79,0.83
32,47.25,7,19.6,5,5.22,1.67
32,47.5,19,19.45,5,5.11,3.65
32,47.75,39,20.46,4,5.79,0.86
32,48,137,20.78,4,5.99,0.06
32,48.25,50,20.1,5,5.56,0.89
32,48.5,57,20.1,5,5.56,0.82
32.25,39,883,21.47,3,6.37,0
32.25,39.25,927,21.3,4,6.28,0
32.25,39.5,861,21.48,3,6.37,0
32.25,39.75,814,21.48,3,6.37,0
32.25,40,776,21.48,3,6.37,0
32.25,40.25,764,21.48,3,6.37,0
32.25,40.5,715,21.48,3,6.37,0
32.25,40.75,673,21.48,3,6.37,0
32.25,41,568,21.47,3,6.37,0
32.25,41.25,532,21.47,3,6.37,0
32.25,41.5,482,21.44,3,6.35,0
32.25,41.75,425,21.44,3,6.35,0
32.25,42,354,21.43,3,6.35,0
32.25,42.25,309,21.43,3,6.35,0
32.25,42.5,305,21.4,3,6.33,0
32.25,42.75,278,21.37,3,6.32,0
32.25,43,238,21.28,4,6.27,0
32.25,43.25,157,21.18,4,6.22,0.14
32.25,43.5,128,20.94,4,6.08,0.34
32.25,43.75,102,20.8,4,6,0
32.25,44,100,20.14,5,5.59,0.99
32.25,44.25,43,18.9,6,4.7,6.4
32.25,44.5,21,19.65,5,5.25,2.1
32.25,44.75,21,19.63,5,5.24,3.71
32.25,45,21,20.13,5,5.58,1.32
32.25,45.25,20,20.78,4,5.99,0
32.25,45.5,12,20.87,4,6.04,0.26
32.25,45.75,12,20.8,4,6,0.54
32.25,46,14,19.84,5,5.39,1.53
32.25,46.25,12,20.85,4,6.03,0.06
32.25,46.5,8,21.14,4,6.19,0
32.25,46.75,9,20.58,4,5.87,0.73
32.25,47,23,20.64,4,5.9,0.68
32.25,47.25,31,17.77,7,3.77,743.21
32.25,47.5,80,19.35,5,5.04,3.09
32.25,47.75,96,20.28,5,5.68,1.48
32.25,48,165,19.66,5,5.26,0.75
32.25,48.25,91,19.77,5,5.34,1.31
32.25,48.5,79,19.77,5,5.34,1.87
32.5,39,871,21.49,3,6.38,0
32.5,39.25,881,21.41,3,6.34,0
32.5,39.5,853,21.4,3,6.33,0
32.5,39.75,775,21.49,3,6.38,0
32.5,40,757,21.49,3,6.38,0
32.5,40.25,789,21.49,3,6.38,0
32.5,40.5,704,21.49,3,6.38,0
32.5,40.75,644,21.49,3,6.38,0
32.5,41,578,21.48,3,6.37,0
32.5,41.25,528,21.48,3,6.37,0
32.5,41.5,480,21.45,3,6.36,0
32.5,41.75,426,21.45,3,6.36,0
32.5,42,362,21.44,3,6.35,0
32.5,42.25,329,21.41,3,6.34,0
32.5,42.5,301,21.38,3,6.32,0
32.5,42.75,252,21.28,4,6.27,0
32.5,43,176,21.19,4,6.22,0
32.5,43.25,134,21.15,4,6.2,0
32.5,43.5,79,20.64,4,5.9,0.36
32.5,43.75,35,20.47,4,5.8,0.83
32.5,44,54,19.22,5,4.94,2.08
32.5,44.25,30,18.52,6,4.4,21.84
32.5,44.5,27,18.59,6,4.45,19.26
32.5,44.75,24,19.89,5,5.42,1.24
32.5,45,23,20.47,4,5.8,0.65
32.5,45.25,19,20.4,4,5.76,1.27
32.5,45.5,18,19.77,5,5.34,0.95
32.5,45.75,13,18.91,6,4.7,11.27
32.5,46,14,20.45,4,5.79,0.99
32.5,46.25,13,20.63,4,5.9,0.46
32.5,46.5,12,20.95,4,6.09,0.38
32.5,46.75,11,20.53,4,5.84,0.58
32.5,47,53,20.58,4,5.87,0.78
32.5,47.25,121,18.37,6,4.27,17.36
32.5,47.5,126,20.41,4,5.76,3.36
32.5,47.75,150,20.48,4,5.81,0.81
32.5,48,196,20.83,4,6.02,0.06
32.5,48.25,204,19.77,5,5.34,1.72
32.5,48.5,295,20.21,5,5.63,0.83
32.75,39,793,20.33,5,5.71,4.5
32.75,39.25,835,21.31,4,6.29,0
32.75,39.5,821,21.47,3,6.37,0
32.75,39.75,807,21.48,3,6.37,0
32.75,40,714,21.48,3,6.37,0
32.75,40.25,745,21.48,3,6.37,0
32.75,40.5,715,21.48,3,6.37,0
32.75,40.75,628,21.46,3,6.36,0
32.75,41,587,21.46,3,6.36,0
32.75,41.25,542,21.46,3,6.36,0
32.75,41.5,460,21.44,3,6.35,0
32.75,41.75,426,21.41,3,6.34,0
32.75,42,378,21.43,3,6.35,0
32.75,42.25,329,21.43,3,6.35,0
32.75,42.5,288,21.27,4,6.26,0
32.75,42.75,210,21.26,4,6.26,0
32.75,43,147,21.14,4,6.19,0
32.75,43.25,78,21.13,4,6.19,0
32.75,43.5,19,20.91,4,6.06,0.19
32.75,43.75,21,20.66,4,5.92,0.47
32.75,44,25,19.85,5,5.39,1.16
32.75,44.25,30,18.68,6,4.52,25.29
32.75,44.5,26,19.36,5,5.04,3.87
32.75,44.75,24,19.85,5,5.39,3.85
32.75,45,23,20.15,5,5.59,2.15
32.75,45.25,18,19.85,5,5.39,5.16
32.75,45.5,17,20.8,4,6,0
32.75,45.75,15,20.84,4,6.02,0.11
32.75,46,15,20.92,4,6.07,0
32.75,46.25,35,20.93,4,6.08,0.64
32.75,46.5,48,21.08,4,6.16,0
32.75,46.75,109,21.13,4,6.19,0
32.75,47,260,21.14,4,6.19,0
32.75,47.25,362,20.68,4,5.93,0.61
32.75,47.5,880,20.8,4,6,0
32.75,47.75,373,20.94,4,6.08,0.7
32.75,48,557,20.57,4,5.86,0.06
32.75,48.25,442,19.08,6,4.83,6.69
32.75,48.5,484,20.59,4,5.87,0.73
33,39,774,21.4,3,6.33,0
33,39.25,796,21.48,3,6.37,0
33,39.5,782,21.48,3,6.37,0
33,39.75,789,21.4,3,6.33,0
33,40,723,21.48,3,6.37,0
33,40.25,632,20.83,4,6.02,0.24
33,40.5,603,21.34,4,6.3,0
33,40.75,571,21.46,3,6.36,0
33,41,518,21.44,3,6.35,0
33,41.25,511,21.44,3,6.35,0
33,41.5,442,21.44,3,6.35,0
33,41.75,409,21.43,3,6.35,0
33,42,351,21.36,3,6.31,0
33,42.25,318,21.36,3,6.31,0
33,42.5,268,21.34,4,6.3,0
33,42.75,176,21.19,4,6.22,0
33,43,112,21.11,4,6.18,0
33,43.25,73,20.8,4,6,0
33,43.5,26,20.76,4,5.98,0.47
33,43.75,68,20.64,4,5.9,0.28
33,44,42,20.64,4,5.9,0.73
33,44.25,35,19.28,5,4.98,3.66
33,44.5,30,19.28,5,4.98,4.55
33,44.75,28,19.27,5,4.98,8.87
33,45,27,20.1,5,5.56,0.9
33,45.25,22,20.91,4,6.06,0.58
33,45.5,20,20.94,4,6.08,0
33,45.75,31,20.77,4,5.98,0
33,46,32,19.96,5,5.47,1.31
33,46.25,111,19.05,6,4.81,3.99
33,46.5,216,20.8,4,6,0
33,46.75,1057,21.13,4,6.19,0
33,47,776,21.14,4,6.19,0
33,47.25,1434,21.13,4,6.19,0
33,47.5,1306,20.69,4,5.93,0.19
33,47.75,439,20.9,4,6.06,1.2
33,48,914,21.13,4,6.19,0
33,48.25,1337,20.96,4,6.09,0
33,48.5,1408,21.28,4,6.27,0
33.25,39,732,21.48,3,6.37,0
33.25,39.25,725,21.48,3,6.37,0
33.25,39.5,747,21.48,3,6.37,0
33.25,39.75,735,21.48,3,6.37,0
33.25,40,703,21.48,3,6.37,0
33.25,40.25,659,21.48,3,6.37,0
33.25,40.5,608,21.46,3,6.36,0
33.25,40.75,583,21.46,3,6.36,0
33.25,41,549,21.46,3,6.36,0
33.25,41.25,469,21.44,3,6.35,0
33.25,41.5,444,21.44,3,6.35,0
33.25,41.75,375,21.43,3,6.35,0
33.25,42,348,21.39,3,6.33,0
33.25,42.25,311,21.36,3,6.31,0
33.25,42.5,222,21.23,4,6.24,0
33.25,42.75,142,20.99,4,6.11,0
33.25,43,95,20.88,4,6.05,0
33.25,43.25,91,20.65,4,5.91,0.64
33.25,43.5,44,20.18,5,5.61,0.79
33.25,43.75,40,19.21,5,4.93,5.32
33.25,44,37,18.95,6,4.73,6.01
33.25,44.25,32,18.1,6,4.05,26.02
33.25,44.5,34,17.62,7,3.65,121.35
33.25,44.75,33,19.13,5,4.87,5.92
33.25,45,29,20.65,4,5.91,0.66
33.25,45.25,25,20.92,4,6.07,0
33.25,45.5,28,21.14,4,6.19,0
33.25,45.75,45,21.11,4,6.18,0
33.25,46,121,20.92,4,6.07,0
33.25,46.25,457,20.94,4,6.08,0.65
33.25,46.5,989,20.94,4,6.08,0
33.25,46.75,1246,21.28,4,6.27,0
33.25,47,2222,21.21,4,6.23,0.24
33.25,47.25,585,20.95,4,6.09,0.65
33.25,47.5,1134,20.24,5,5.65,0.69
33.25,47.75,702,18.99,6,4.76,23.6
33.25,48,1025,20.95,4,6.09,0
33.25,48.25,1824,21.03,4,6.13,0
33.25,48.5,2072,21.18,4,6.22,0.06
33.5,39,704,21.41,3,6.34,0
33.5,39.25,690,21.45,3,6.36,0
33.5,39.5,718,21.45,3,6.36,0
33.5,39.75,716,21.45,3,6.36,0
33.5,40,658,21.45,3,6.36,0
33.5,40.25,502,21.41,3,6.34,0
33.5,40.5,612,21.39,3,6.33,0
33.5,40.75,555,21.43,3,6.35,0
33.5,41,477,21.41,3,6.34,0
33.5,41.25,435,21.41,3,6.34,0
33.5,41.5,415,21.33,4,6.3,0
33.5,41.75,371,21.31,4,6.29,0
33.5,42,344,21.36,3,6.31,0
33.5,42.25,271,21.33,4,6.3,0
33.5,42.5,185,20.95,4,6.09,0
33.5,42.75,85,20.79,4,5.99,0
33.5,43,52,19.46,5,5.12,6.07
33.5,43.25,49,18.2,6,4.13,36.96
33.5,43.5,52,19.12,5,4.86,2.14
33.5,43.75,56,19.92,5,5.44,1.56
33.5,44,35,19.29,5,4.99,3.76
33.5,44.25,38,17.79,7,3.79,34.18
33.5,44.5,38,18.61,6,4.47,7.94
33.5,44.75,39,19.91,5,5.43,1.22
33.5,45,34,20.61,4,5.89,0.55
33.5,45.25,34,20.91,4,6.06,0
33.5,45.5,52,21.1,4,6.17,0
33.5,45.75,84,21.1,4,6.17,0
33.5,46,319,20.67,4,5.92,0
33.5,46.25,944,20.84,4,6.02,0.11
33.5,46.5,1395,20.9,4,6.06,0.44
33.5,46.75,1904,21.18,4,6.22,0
33.5,47,1363,21.17,4,6.21,0.29
33.5,47.25,1161,21.16,4,6.2,0
33.5,47.5,1245,20.79,4,5.99,0.9
33.5,47.75,1406,20.98,4,6.1,0.42
33.5,48,981,20.82,4,6.01,1.69
33.5,48.25,1516,19.94,5,5.45,1.1
33.5,48.5,1454,19.96,5,5.47,6.02
33.75,39,678,21.52,3,6.39,0
33.75,39.25,657,21.52,3,6.39,0
33.75,39.5,683,21.52,3,6.39,0
33.75,39.75,606,21.5,3,6.38,0
33.75,40,549,21.5,3,6.38,0
33.75,40.25,580,21.5,3,6.38,0
33.75,40.5,517,21.48,3,6.37,0
33.75,40.75,484,21.48,3,6.37,0
33.75,41,446,21.48,3,6.37,0
33.75,41.25,425,21.48,3,6.37,0
33.75,41.5,409,21.47,3,6.37,0
33.75,41.75,367,21.4,3,6.33,0
33.75,42,330,21.3,4,6.28,0
33.75,42.25,239,21.33,4,6.3,0
33.75,42.5,139,21.04,4,6.14,0
33.75,42.75,57,20.47,4,5.8,1.11
33.75,43,95,20.89,4,6.05,0
33.75,43.25,44,20.84,4,6.02,0
33.75,43.5,44,20.8,4,6,0
33.75,43.75,63,20.55,4,5.85,0.87
33.75,44,44,20.18,5,5.61,1.02
33.75,44.25,42,18.83,6,4.64,19.33
33.75,44.5,40,18.86,6,4.66,17.98
33.75,44.75,42,19.29,5,4.99,2.6
33.75,45,41,20.35,5,5.72,0.85
33.75,45.25,55,20.51,4,5.82,0.73
33.75,45.5,98,20.49,4,5.81,1.26
33.75,45.75,287,21.18,4,6.22,0
33.75,46,1214,20.95,4,6.09,0.4
33.75,46.25,1295,20.03,5,5.51,2.68
33.75,46.5,1298,20.6,4,5.88,1.08
33.75,46.75,1640,21.25,4,6.25,0
33.75,47,1245,21.24,4,6.25,0
33.75,47.25,961,20.99,4,6.11,0.4
33.75,47.5,1245,21.26,4,6.26,0
33.75,47.75,1104,21.15,4,6.2,1
33.75,48,1611,21.32,4,6.29,0
33.75,48.25,1951,20.95,4,6.09,0
33.75,48.5,1915,21.03,4,6.13,0
34,39,692,21.52,3,6.39,0
34,39.25,638,21.52,3,6.39,0
34,39.5,621,21.5,3,6.38,0
34,39.75,545,21.5,3,6.38,0
34,40,492,21.48,3,6.37,0
34,40.25,449,21.41,3,6.34,0
34,40.5,421,21.43,3,6.35,0
34,40.75,420,21.39,3,6.33,0
34,41,391,21.35,3,6.31,0
34,41.25,362,21.34,4,6.3,0
34,41.5,381,21.4,3,6.33,0
34,41.75,355,21.36,3,6.31,0
34,42,290,21.33,4,6.3,0
34,42.25,202,20.94,4,6.08,0
34,42.5,117,20.6,4,5.88,0.74
34,42.75,142,21.16,4,6.2,0
34,43,85,21.17,4,6.21,0
34,43.25,44,20.98,4,6.1,0
34,43.5,69,20.96,4,6.09,0
34,43.75,63,20.18,5,5.61,4.2
34,44,54,19.45,5,5.11,3.39
34,44.25,49,18.83,6,4.64,13.32
34,44.5,54,20.22,5,5.64,0.89
34,44.75,52,19.5,5,5.14,1.52
34,45,60,19.53,5,5.17,7.3
34,45.25,144,20.7,4,5.94,0.55
34,45.5,149,19.72,5,5.3,12.85
34,45.75,665,21.15,4,6.2,0
34,46,1138,21.23,4,6.24,0
34,46.25,1311,21.08,4,6.16,0.06
34,46.5,1651,21.2,4,6.23,0.8
34,46.75,1398,21.25,4,6.25,0
34,47,1806,21.27,4,6.26,0
34,47.25,1789,21.19,4,6.22,0
34,47.5,1886,21.2,4,6.23,0
34,47.75,2000,21.23,4,6.24,0
34,48,1755,20.82,4,6.01,0.55
34,48.25,2573,21.17,4,6.21,0
34,48.5,2275,21.11,4,6.18,0
34.25,39,572,21.5,3,6.38,0
34.25,39.25,564,21.5,3,6.38,0
34.25,39.5,555,21.5,3,6.38,0
34.25,39.75,487,21.47,3,6.37,0
34.25,40,443,21.47,3,6.37,0
34.25,40.25,374,21.46,3,6.36,0
34.25,40.5,358,21.39,3,6.33,0
34.25,40.75,323,21.33,4,6.3,0
34.25,41,228,20.95,4,6.09,0.06
34.25,41.25,272,21.17,4,6.21,0.61
34.25,41.5,288,21.33,4,6.3,0
34.25,41.75,254,21.34,4,6.3,0
34.25,42,204,21.21,4,6.23,0.06
34.25,42.25,173,21,4,6.12,0.55
34.25,42.5,172,21.09,4,6.17,0
34.25,42.75,171,21.17,4,6.21,0
34.25,43,69,21.22,4,6.24,0
34.25,43.25,113,20.97,4,6.1,0
34.25,43.5,103,20.72,4,5.95,0.75
34.25,43.75,93,19.41,5,5.08,10.29
34.25,44,61,19.77,5,5.34,3.81
34.25,44.25,64,20.69,4,5.93,0.61
34.25,44.5,64,20.44,4,5.78,1.54
34.25,44.75,67,20.86,4,6.04,0.12
34.25,45,94,20.88,4,6.05,0
34.25,45.25,197,20.44,4,5.78,1.62
34.25,45.5,304,20.77,4,5.98,0.06
34.25,45.75,871,21.17,4,6.21,0
34.25,46,1030,21.19,4,6.22,0.16
34.25,46.25,1484,20.6,4,5.88,1.17
34.25,46.5,1768,21.23,4,6.24,0
34.25,46.75,1398,20.66,4,5.92,1.46
34.25,47,1740,20.25,5,5.66,0.77
34.25,47.25,1302,20.59,4,5.87,1.27
34.25,47.5,1406,20.73,4,5.96,1.06
34.25,47.75,1823,21.13,4,6.19,0.65
34.25,48,2050,21.25,4,6.25,0
34.25,48.25,1552,20.57,4,5.86,1.5
34.25,48.5,1813,21.08,4,6.16,0.27
34.5,39,385,21.46,3,6.36,0
34.5,39.25,419,21.39,3,6.33,0
34.5,39.5,398,21.46,3,6.36,0
34.5,39.75,402,21.46,3,6.36,0
34.5,40,371,21.46,3,6.36,0
34.5,40.25,325,21.46,3,6.36,0
34.5,40.5,271,21.42,3,6.34,0
34.5,40.75,256,21.33,4,6.3,0
34.5,41,198,21.02,4,6.13,0
34.5,41.25,212,21.23,4,6.24,0
34.5,41.5,193,21.33,4,6.3,0
34.5,41.75,157,21.14,4,6.19,1.26
34.5,42,186,21.05,4,6.14,0
34.5,42.25,221,21.32,4,6.29,0
34.5,42.5,237,21.31,4,6.29,0
34.5,42.75,178,21.31,4,6.29,0
34.5,43,73,21.21,4,6.23,0
34.5,43.25,133,20.84,4,6.02,0
34.5,43.5,121,20.51,4,5.82,0.74
34.5,43.75,78,19.53,5,5.17,6.8
34.5,44,71,20.51,4,5.82,0.64
34.5,44.25,81,20.83,4,6.02,0
34.5,44.5,94,20.96,4,6.09,0.89
34.5,44.75,133,20.95,4,6.09,0
34.5,45,138,20.64,4,5.9,0.68
34.5,45.25,208,20.51,4,5.82,0.67
34.5,45.5,512,20.68,4,5.93,0.53
34.5,45.75,539,20.72,4,5.95,1.17
34.5,46,1594,20.89,4,6.05,0
34.5,46.25,1542,21.3,4,6.28,0
34.5,46.5,1528,21.19,4,6.22,0.29
34.5,46.75,1399,20.67,4,5.92,0.57
34.5,47,1307,20.09,5,5.55,1.98
34.5,47.25,2200,21.11,4,6.18,0
34.5,47.5,1473,20.92,4,6.07,0.07
34.5,47.75,2075,20.85,4,6.03,0
34.5,48,1464,19.84,5,5.39,7.92
34.5,48.25,1871,21.11,4,6.18,0.06
34.5,48.5,2155,20.77,4,5.98,0.06
34.75,39,472,21.47,3,6.37,0
34.75,39.25,356,21.46,3,6.36,0
34.75,39.5,308,21.46,3,6.36,0
34.75,39.75,297,21.46,3,6.36,0
34.75,40,282,21.43,3,6.35,0
34.75,40.25,242,21.4,3,6.33,0
34.75,40.5,236,21.35,3,6.31,0
34.75,40.75,180,21.06,4,6.15,0.97
34.75,41,202,21.31,4,6.29,0
34.75,41.25,176,21.34,4,6.3,0
34.75,41.5,298,21.38,3,6.32,0
34.75,41.75,325,21.41,3,6.34,0
34.75,42,319,21.35,3,6.31,0
34.75,42.25,283,21.38,3,6.32,0
34.75,42.5,224,21.39,3,6.33,0
34.75,42.75,168,21.3,4,6.28,0
34.75,43,84,21.17,4,6.21,0
34.75,43.25,140,20.81,4,6.01,0
34.75,43.5,144,19.55,5,5.18,1.33
34.75,43.75,112,19.71,5,5.29,1.75
34.75,44,134,20.51,4,5.82,0.87
34.75,44.25,184,20.95,4,6.09,0
34.75,44.5,175,20.62,4,5.89,0.36
34.75,44.75,187,20.56,4,5.86,0.67
34.75,45,314,20.59,4,5.87,0.41
34.75,45.25,421,20.58,4,5.87,0.76
34.75,45.5,319,20.95,4,6.09,0.35
34.75,45.75,459,21.03,4,6.13,0.19
34.75,46,1055,21.31,4,6.29,0
34.75,46.25,1323,21,4,6.12,0.7
34.75,46.5,1459,20.74,4,5.96,0.06
34.75,46.75,2125,21.08,4,6.16,0
34.75,47,1660,21.11,4,6.18,0.06
34.75,47.25,1856,21.22,4,6.24,0.06
34.75,47.5,1584,21.19,4,6.22,0.21
34.75,47.75,1928,21.23,4,6.24,0.07
34.75,48,1547,20.8,4,6,0.84
34.75,48.25,2270,21.11,4,6.18,0
34.75,48.5,2225,19.66,5,5.26,4.3
35,39,406,21.43,3,6.35,0
35,39.25,317,21.43,3,6.35,0
35,39.5,279,21.36,3,6.31,0
35,39.75,261,21.39,3,6.33,0
35,40,258,21.38,3,6.32,0
35,40.25,242,21.36,3,6.31,0
35,40.5,190,21.03,4,6.13,0.7
35,40.75,208,21.3,4,6.28,0
35,41,206,21.33,4,6.3,0
35,41.25,185,21.34,4,6.3,0
35,41.5,206,21.36,3,6.31,0
35,41.75,285,21.35,3,6.31,0
35,42,315,21.27,4,6.26,0
35,42.25,251,21.27,4,6.26,0
35,42.5,237,21.33,4,6.3,0
35,42.75,177,21.27,4,6.26,0
35,43,105,21.13,4,6.19,0
35,43.25,156,20.71,4,5.95,0.06
35,43.5,140,17.36,8,3.42,96.62
35,43.75,311,20.52,4,5.83,0.91
35,44,160,20.47,4,5.8,0.66
35,44.25,176,20.81,4,6.01,2.15
35,44.5,203,20.05,5,5.53,0.66
35,44.75,353,20.78,4,5.99,0
35,45,475,20.94,4,6.08,0
35,45.25,689,20.96,4,6.09,0
35,45.5,758,20.92,4,6.07,0.43
35,45.75,1454,20.84,4,6.02,0
35,46,1169,21.2,4,6.23,0
35,46.25,1690,21.22,4,6.24,0
35,46.5,2590,21.02,4,6.13,0
35,46.75,1708,21.23,4,6.24,0
35,47,1690,21.07,4,6.15,0
35,47.25,2032,21.31,4,6.29,0
35,47.5,1916,21.29,4,6.28,0
35,47.75,2161,21.32,4,6.29,0
35,48,1815,20.99,4,6.11,1.25
35,48.25,1985,21.07,4,6.15,0
35,48.5,1712,20.19,5,5.62,1.27
35.25,39,504,21.44,3,6.35,0
35.25,39.25,737,21.48,3,6.37,0
35.25,39.5,504,21.44,3,6.35,0
35.25,39.75,378,21.33,4,6.3,0
35.25,40,306,21.26,4,6.26,0
35.25,40.25,199,21.21,4,6.23,0
35.25,40.5,221,21.2,4,6.23,0
35.25,40.75,229,21.36,3,6.31,0
35.25,41,192,21.28,4,6.27,0
35.25,41.25,223,21.43,3,6.35,0
35.25,41.5,268,21.43,3,6.35,0
35.25,41.75,296,21.36,3,6.31,0
35.25,42,242,21.33,4,6.3,0
35.25,42.25,239,21.26,4,6.26,0
35.25,42.5,240,21.35,3,6.31,0
35.25,42.75,181,21.23,4,6.24,0
35.25,43,140,21.14,4,6.19,0
35.25,43.25,211,20.44,4,5.78,1.06
35.25,43.5,158,19.89,5,5.42,1.75
35.25,43.75,188,19.68,5,5.27,1.63
35.25,44,196,20.15,5,5.59,1.12
35.25,44.25,219,19.84,5,5.39,1.45
35.25,44.5,337,19.26,5,4.97,1.75
35.25,44.75,509,20.81,4,6.01,0
35.25,45,456,20.82,4,6.01,0
35.25,45.25,883,20.84,4,6.02,0
35.25,45.5,937,20.82,4,6.01,0.4
35.25,45.75,674,20.6,4,5.88,0.35
35.25,46,615,20.17,5,5.61,1.96
35.25,46.25,1442,21.03,4,6.13,0.96
35.25,46.5,1326,21.15,4,6.2,0.09
35.25,46.75,2385,21.28,4,6.27,0
35.25,47,1404,19.39,5,5.06,6.12
35.25,47.25,2150,21.28,4,6.27,0
35.25,47.5,1806,20.63,4,5.9,1.71
35.25,47.75,1866,20.67,4,5.92,0.37
35.25,48,1972,20.71,4,5.95,1.97
35.25,48.25,2197,21.23,4,6.24,0.82
35.25,48.5,1800,20.94,4,6.08,0.06
35.5,39,372,21.36,3,6.31,0
35.5,39.25,491,21.5,3,6.38,0
35.5,39.5,593,21.48,3,6.37,0
35.5,39.75,411,21.45,3,6.36,0
35.5,40,206,21.26,4,6.26,0.14
35.5,40.25,278,21.35,3,6.31,0
35.5,40.5,238,21.35,3,6.31,0
35.5,40.75,235,21.41,3,6.34,0
35.5,41,270,21.45,3,6.36,0
35.5,41.25,246,21.4,3,6.33,0
35.5,41.5,288,21.45,3,6.36,0
35.5,41.75,209,21.4,3,6.33,0
35.5,42,222,21.39,3,6.33,0
35.5,42.25,220,21.42,3,6.34,0
35.5,42.5,202,21.2,4,6.23,0
35.5,42.75,206,21.24,4,6.25,0
35.5,43,208,20.91,4,6.06,0
35.5,43.25,152,18.79,6,4.61,24.52
35.5,43.5,201,20.71,4,5.95,0.65
35.5,43.75,207,20.02,5,5.51,1.27
35.5,44,291,19.57,5,5.2,1.82
35.5,44.25,286,19.08,6,4.83,6.5
35.5,44.5,490,19.32,5,5.01,4.46
35.5,44.75,860,19.66,5,5.26,2.15
35.5,45,672,20.74,4,5.96,0.62
35.5,45.25,824,20.15,5,5.59,2.75
35.5,45.5,842,19.29,5,4.99,3.18
35.5,45.75,1047,21.06,4,6.15,0
35.5,46,1348,21.07,4,6.15,0
35.5,46.25,1467,20.63,4,5.9,1.1
35.5,46.5,1550,21.24,4,6.25,0
35.5,46.75,1981,21.23,4,6.24,0.06
35.5,47,1947,21.04,4,6.14,0.66
35.5,47.25,1976,21.28,4,6.27,0
35.5,47.5,1995,21.33,4,6.3,0.07
35.5,47.75,1768,21.4,3,6.33,0
35.5,48,1927,21.35,3,6.31,0
35.5,48.25,1857,21.39,3,6.33,0
35.5,48.5,1813,21.28,4,6.27,0
35.75,39,364,21.35,3,6.31,0
35.75,39.25,330,21.35,3,6.31,0
35.75,39.5,309,21.37,3,6.32,0
35.75,39.75,219,21.39,3,6.33,0.06
35.75,40,350,21.25,4,6.25,0
35.75,40.25,352,21.38,3,6.32,0
35.75,40.5,268,21.39,3,6.33,0
35.75,40.75,239,21.39,3,6.33,0
35.75,41,287,21.39,3,6.33,0
35.75,41.25,278,21.2,4,6.23,0
35.75,41.5,261,21.4,3,6.33,0
35.75,41.75,253,21.42,3,6.34,0
35.75,42,237,21.42,3,6.34,0
35.75,42.25,250,21.33,4,6.3,0
35.75,42.5,220,21.24,4,6.25,0
35.75,42.75,191,21,4,6.12,0
35.75,43,216,20.8,4,6,1.28
35.75,43.25,187,19.62,5,5.23,2.59
35.75,43.5,246,20.54,4,5.84,0.84
35.75,43.75,329,19.8,5,5.36,2.08
35.75,44,334,19,6,4.77,9.95
35.75,44.25,317,20.1,5,5.56,1.4
35.75,44.5,742,20.43,4,5.77,0.82
35.75,44.75,636,20.83,4,6.02,0.23
35.75,45,1020,20.68,4,5.93,0.29
35.75,45.25,1359,20.52,4,5.83,2.1
35.75,45.5,870,20.52,4,5.83,1.75
35.75,45.75,1083,20.85,4,6.03,0.32
35.75,46,1287,21.02,4,6.13,0.98
35.75,46.25,1599,21.36,3,6.31,0
35.75,46.5,1940,21.34,4,6.3,0.06
35.75,46.75,2054,21.41,3,6.34,0
35.75,47,2008,21.23,4,6.24,0
35.75,47.25,2059,21.36,3,6.31,0
35.75,47.5,1906,21.33,4,6.3,0.08
35.75,47.75,1922,21.37,3,6.32,0
35.75,48,1866,21.3,4,6.28,0
35.75,48.25,1726,21.33,4,6.3,0.06
35.75,48.5,1784,20.46,4,5.79,1.47
36,39,259,20.58,4,5.87,1.37
36,39.25,259,21.35,3,6.31,0
36,39.5,319,21.36,3,6.31,0
36,39.75,325,21.42,3,6.34,0
36,40,330,21.45,3,6.36,0
36,40.25,319,21.42,3,6.34,0
36,40.5,296,21.31,4,6.29,0
36,40.75,261,20.94,4,6.08,0.11
36,41,284,21.26,4,6.26,0
36,41.25,309,21.36,3,6.31,0
36,41.5,303,21.3,4,6.28,0
36,41.75,301,20.75,4,5.97,0.23
36,42,308,21.19,4,6.22,0
36,42.25,268,21.2,4,6.23,0
36,42.5,218,21.19,4,6.22,0
36,42.75,223,20.93,4,6.08,0.84
36,43,308,20.84,4,6.02,0.88
36,43.25,244,19.67,5,5.27,2.7
36,43.5,235,20.22,5,5.64,1.01
36,43.75,322,17.69,7,3.71,279.59
36,44,383,19.33,5,5.02,2.58
36,44.25,627,20.62,4,5.89,0.69
36,44.5,538,20.71,4,5.95,1.26
36,44.75,587,20.83,4,6.02,0.19
36,45,485,20.67,4,5.92,0
36,45.25,1944,20.95,4,6.09,0
36,45.5,750,20.94,4,6.08,0.08
36,45.75,1509,20.76,4,5.98,0
36,46,1934,20.85,4,6.03,0.06
36,46.25,2027,21.36,3,6.31,0
36,46.5,1751,21.37,3,6.32,0
36,46.75,2421,21.43,3,6.35,0
36,47,2036,21.29,4,6.28,0
36,47.25,1792,21.28,4,6.27,0
36,47.5,1621,21.37,3,6.32,0
36,47.75,1598,21.39,3,6.33,0
36,48,1483,21.21,4,6.23,0.38
36,48.25,1549,21.36,3,6.31,0
36,48.5,1760,21.27,4,6.26,0
36.25,39,284,21.3,4,6.28,0
36.25,39.25,373,21.36,3,6.31,0
36.25,39.5,434,21.4,3,6.33,0
36.25,39.75,488,21.4,3,6.33,0
36.25,40,544,21.41,3,6.34,0
36.25,40.25,466,21.36,3,6.31,0
36.25,40.5,401,20.94,4,6.08,0
36.25,40.75,286,20.8,4,6,0.17
36.25,41,344,21.22,4,6.24,0
36.25,41.25,432,21.32,4,6.29,0
36.25,41.5,454,21.24,4,6.25,0.06
36.25,41.75,405,20.65,4,5.91,0.71
36.25,42,377,20.3,5,5.69,4.43
36.25,42.25,304,20.95,4,6.09,0.45
36.25,42.5,290,20.84,4,6.02,0
36.25,42.75,354,20.59,4,5.87,0.77
36.25,43,398,19.95,5,5.46,1.29
36.25,43.25,235,19.33,5,5.02,6.36
36.25,43.5,314,20.09,5,5.55,1.96
36.25,43.75,374,19.44,5,5.1,6.08
36.25,44,422,18.27,6,4.19,36.79
36.25,44.25,877,20.14,5,5.59,0.89
36.25,44.5,1184,20.92,4,6.07,0
36.25,44.75,564,19.96,5,5.47,1.03
36.25,45,538,19.71,5,5.29,12.82
36.25,45.25,1601,21.01,4,6.12,0
36.25,45.5,1032,20.54,4,5.84,4.05
36.25,45.75,1707,21.22,4,6.24,0.08
36.25,46,1627,21.22,4,6.24,0.22
36.25,46.25,1565,18.86,6,4.66,27.23
36.25,46.5,1727,21.08,4,6.16,0.29
36.25,46.75,1953,21.34,4,6.3,0
36.25,47,2244,21.29,4,6.28,0
36.25,47.25,1973,21.27,4,6.26,0
36.25,47.5,1984,21.34,4,6.3,0
36.25,47.75,1598,21.12,4,6.18,0
36.25,48,1427,20.91,4,6.06,2.99
36.25,48.25,1942,21.26,4,6.26,0
36.25,48.5,1774,21.03,4,6.13,0.18
36.5,39,326,21.33,4,6.3,0
36.5,39.25,342,21.31,4,6.29,0
36.5,39.5,357,21.31,4,6.29,0
36.5,39.75,422,21.37,3,6.32,0
36.5,40,465,21.36,3,6.31,0
36.5,40.25,412,21.35,3,6.31,0
36.5,40.5,358,21.2,4,6.23,0
36.5,40.75,305,19.39,5,5.06,14.62
36.5,41,360,21.33,4,6.3,0
36.5,41.25,430,20.84,4,6.02,0.17
36.5,41.5,417,21.16,4,6.2,0.6
36.5,41.75,450,20.64,4,5.9,0.71
36.5,42,477,20.77,4,5.98,0.67
36.5,42.25,508,20.96,4,6.09,0
36.5,42.5,379,20.57,4,5.86,0.68
36.5,42.75,241,19.9,5,5.43,1.83
36.5,43,299,19.68,5,5.27,1.66
36.5,43.25,312,19.55,5,5.18,2.53
36.5,43.5,348,20.22,5,5.64,1.62
36.5,43.75,344,20.59,4,5.87,0.79
36.5,44,490,20.64,4,5.9,0.49
36.5,44.25,941,20.68,4,5.93,0.37
36.5,44.5,1681,20.96,4,6.09,0
36.5,44.75,1099,20.93,4,6.08,0.91
36.5,45,2482,21.27,4,6.26,0
36.5,45.25,1898,21.03,4,6.13,0
36.5,45.5,1925,21.19,4,6.22,0
36.5,45.75,1564,21.13,4,6.19,0.07
36.5,46,1603,21.24,4,6.25,0
36.5,46.25,1440,19.9,5,5.43,1.87
36.5,46.5,1370,21.21,4,6.23,0.06
36.5,46.75,1838,21.33,4,6.3,0.06
36.5,47,1969,21.09,4,6.17,0.12
36.5,47.25,2385,21.4,3,6.33,0.06
36.5,47.5,1855,21.32,4,6.29,0.23
36.5,47.75,1510,21.3,4,6.28,0.19
36.5,48,2162,21.26,4,6.26,0.28
36.5,48.25,1807,21.12,4,6.18,0
36.5,48.5,2140,21.13,4,6.19,0
36.75,39,351,20.62,4,5.89,0.79
36.75,39.25,441,20.79,4,5.99,0.36
36.75,39.5,431,20.93,4,6.08,1.17
36.75,39.75,433,21.11,4,6.18,0.77
36.75,40,366,21.28,4,6.27,0
36.75,40.25,389,21.32,4,6.29,0
36.75,40.5,390,21.31,4,6.29,0
36.75,40.75,360,21.23,4,6.24,0
36.75,41,353,21.33,4,6.3,0
36.75,41.25,337,21.19,4,6.22,0
36.75,41.5,346,21.28,4,6.27,0
36.75,41.75,357,21.21,4,6.23,0
36.75,42,381,20.98,4,6.1,0.4
36.75,42.25,366,20.55,4,5.85,1.12
36.75,42.5,383,20.64,4,5.9,0.84
36.75,42.75,307,20.58,4,5.87,0.75
36.75,43,725,20.06,5,5.53,1.57
36.75,43.25,571,18.99,6,4.76,12.64
36.75,43.5,475,17.96,7,3.93,619.85
36.75,43.75,564,20.23,5,5.65,1.19
36.75,44,1130,20.7,4,5.94,0.28
36.75,44.25,1011,20.98,4,6.1,0
36.75,44.5,758,21,4,6.12,0
36.75,44.75,1613,21.17,4,6.21,0
36.75,45,2948,21.06,4,6.15,0
36.75,45.25,1413,20.71,4,5.95,0.06
36.75,45.5,1987,21.23,4,6.24,0
36.75,45.75,1513,19.78,5,5.34,2.92
36.75,46,1680,21.26,4,6.26,0
36.75,46.25,1414,21.11,4,6.18,0
36.75,46.5,1371,20.62,4,5.89,1.17
36.75,46.75,2161,21.39,3,6.33,0
36.75,47,2663,21.47,3,6.37,0
36.75,47.25,2694,21.38,3,6.32,0
36.75,47.5,2294,21.38,3,6.32,0
36.75,47.75,1985,21.26,4,6.26,0
36.75,48,2196,21.33,4,6.3,0.62
36.75,48.25,1515,20.78,4,5.99,1.97
36.75,48.5,1942,19.9,5,5.43,0.92
37,39,390,20.64,4,5.9,1
37,39.25,648,21.03,4,6.13,0.63
37,39.5,542,21.12,4,6.18,0.59
37,39.75,462,20.98,4,6.1,0
37,40,449,21.22,4,6.24,0
37,40.25,418,20.78,4,5.99,0.39
37,40.5,438,20.97,4,6.1,0
37,40.75,428,21.21,4,6.23,0
37,41,433,20.9,4,6.06,0
37,41.25,418,20.72,4,5.95,1.09
37,41.5,394,20.6,4,5.88,0.48
37,41.75,430,20.71,4,5.95,0.17
37,42,442,18.53,6,4.4,39.73
37,42.25,471,20.41,4,5.76,0.78
37,42.5,375,19.39,5,5.06,0.67
37,42.75,660,19.99,5,5.49,1.33
37,43,701,20.58,4,5.87,0.82
37,43.25,1444,20.53,4,5.84,1.08
37,43.5,1325,19.93,5,5.45,0.7
37,43.75,1110,20.6,4,5.88,0.06
37,44,1791,21.19,4,6.22,0
37,44.25,1216,21.18,4,6.22,0.14
37,44.5,1332,21.16,4,6.2,0
37,44.75,2737,21.36,3,6.31,0
37,45,1562,20.76,4,5.98,0
37,45.25,1466,20.99,4,6.11,0.77
37,45.5,1292,20.23,5,5.65,1.36
37,45.75,1279,21,4,6.12,0.06
37,46,1288,19.68,5,5.27,7.35
37,46.25,1335,20.43,4,5.77,2.64
37,46.5,1721,21.24,4,6.25,0
37,46.75,2110,21.33,4,6.3,0
37,47,2067,21.25,4,6.25,0
37,47.25,2076,21.41,3,6.34,0.13
37,47.5,1480,21.33,4,6.3,0
37,47.75,1237,21.31,4,6.29,0
37,48,1316,21.17,4,6.21,0.34
37,48.25,1837,21.32,4,6.29,0
37,48.5,2574,21.4,3,6.33,0
37.25,39,561,20.65,4,5.91,0.57
37.25,39.25,668,21.21,4,6.23,0
37.25,39.5,618,21.05,4,6.14,0.39
37.25,39.75,595,19.04,6,4.8,18.22
37.25,40,516,21.05,4,6.14,0.67
37.25,40.25,505,21.07,4,6.15,0
37.25,40.5,513,20.67,4,5.92,0.6
37.25,40.75,578,19.97,5,5.47,1.04
37.25,41,836,21.14,4,6.19,0.3
37.25,41.25,942,20.93,4,6.08,0.23
37.25,41.5,993,21.21,4,6.23,0
37.25,41.75,821,20.86,4,6.04,0.73
37.25,42,633,20.61,4,5.89,0.2
37.25,42.25,395,20.66,4,5.92,0.59
37.25,42.5,550,19.59,5,5.21,8.62
37.25,42.75,755,20.7,4,5.94,0.06
37.25,43,1606,20.99,4,6.11,0
37.25,43.25,1375,20.97,4,6.1,0.78
37.25,43.5,1659,20.76,4,5.98,0.68
37.25,43.75,1824,21.19,4,6.22,0
37.25,44,1783,21.16,4,6.2,0.06
37.25,44.25,1355,21.16,4,6.2,0
37.25,44.5,1571,21.19,4,6.22,0
37.25,44.75,2606,21.25,4,6.25,0
37.25,45,1979,21.05,4,6.14,0.08
37.25,45.25,1547,20.98,4,6.1,0.44
37.25,45.5,1268,21.16,4,6.2,0
37.25,45.75,1274,21.19,4,6.22,0
37.25,46,1278,20.8,4,6,0.06
37.25,46.25,1660,20.83,4,6.02,0
37.25,46.5,1670,21.21,4,6.23,0.13
37.25,46.75,2013,21.23,4,6.24,0
37.25,47,1847,21.26,4,6.26,0
37.25,47.25,1863,21.24,4,6.25,0
37.25,47.5,1479,21.3,4,6.28,0.11
37.25,47.75,1150,21.17,4,6.21,0.08
37.25,48,1532,21.32,4,6.29,0
37.25,48.25,1451,21.22,4,6.24,0.23
37.25,48.5,1583,21.24,4,6.25,0
37.5,39,643,20.67,4,5.92,1.65
37.5,39.25,701,21.19,4,6.22,0
37.5,39.5,877,21.19,4,6.22,0
37.5,39.75,1002,20.92,4,6.07,0.14
37.5,40,969,21.12,4,6.18,0.07
37.5,40.25,989,21.2,4,6.23,0
37.5,40.5,1036,20.62,4,5.89,0.38
37.5,40.75,1040,21.01,4,6.12,0
37.5,41,1106,20.81,4,6.01,0.37
37.5,41.25,974,19.76,5,5.33,21.88
37.5,41.5,952,21,4,6.12,0.06
37.5,41.75,868,20.63,4,5.9,0
37.5,42,1063,21.13,4,6.19,0.29
37.5,42.25,718,21.07,4,6.15,0
37.5,42.5,1394,19.96,5,5.47,2.23
37.5,42.75,1773,21.18,4,6.22,0
37.5,43,1912,20.91,4,6.06,1.48
37.5,43.25,2422,21.36,3,6.31,0
37.5,43.5,1655,20.99,4,6.11,0.66
37.5,43.75,1747,21.09,4,6.17,0
37.5,44,3263,21.36,3,6.31,0
37.5,44.25,1884,20.62,4,5.89,1.06
37.5,44.5,2536,21.28,4,6.27,0
37.5,44.75,2122,20.97,4,6.1,0
37.5,45,1461,19.01,6,4.78,17.26
37.5,45.25,1276,19.89,5,5.42,1.61
37.5,45.5,1268,21.19,4,6.22,0
37.5,45.75,1268,21.19,4,6.22,0
37.5,46,1450,20.75,4,5.97,0.7
37.5,46.25,1930,21.06,4,6.15,0
37.5,46.5,2113,21.19,4,6.22,0.42
37.5,46.75,1884,21.22,4,6.24,0
37.5,47,1690,20.64,4,5.9,1.92
37.5,47.25,1840,21.25,4,6.25,0
37.5,47.5,1443,21.2,4,6.23,0
37.5,47.75,1311,20.81,4,6.01,0
37.5,48,1134,21.21,4,6.23,0
37.5,48.25,1241,21.07,4,6.15,0
37.5,48.5,2180,21.29,4,6.28,0
37.75,39,570,20.95,4,6.09,0
37.75,39.25,729,20.61,4,5.89,0.68
37.75,39.5,1020,20.94,4,6.08,0.62
37.75,39.75,1297,21.18,4,6.22,0
37.75,40,980,21.01,4,6.12,0.15
37.75,40.25,729,20.7,4,5.94,0.63
37.75,40.5,660,20.63,4,5.9,0.49
37.75,40.75,657,20.9,4,6.06,0.6
37.75,41,623,20.97,4,6.1,0.06
37.75,41.25,892,20.96,4,6.09,0
37.75,41.5,805,21,4,6.12,0
37.75,41.75,544,21.04,4,6.14,0
37.75,42,880,20.92,4,6.07,0
37.75,42.25,1410,20.82,4,6.01,0.2
37.75,42.5,2414,21.34,4,6.3,0
37.75,42.75,1541,21.13,4,6.19,0
37.75,43,2061,21.29,4,6.28,0
37.75,43.25,2441,21.34,4,6.3,0
37.75,43.5,3138,21.25,4,6.25,0
37.75,43.75,2543,21.2,4,6.23,0.22
37.75,44,2622,21.04,4,6.14,0
37.75,44.25,2414,21.3,4,6.28,0
37.75,44.5,2881,21.19,4,6.22,0
37.75,44.75,1946,21.06,4,6.15,0
37.75,45,1480,20.63,4,5.9,0.59
37.75,45.25,1302,20.76,4,5.98,0.78
37.75,45.5,1338,21.17,4,6.21,0
37.75,45.75,1277,20.86,4,6.04,0
37.75,46,1448,19.86,5,5.4,3.55
37.75,46.25,2742,21,4,6.12,0
37.75,46.5,3025,21.23,4,6.24,0
37.75,46.75,1950,21.15,4,6.2,0
37.75,47,1933,20.98,4,6.1,0.41
37.75,47.25,2200,21.35,3,6.31,0
37.75,47.5,2927,21.27,4,6.26,0
37.75,47.75,2879,21.28,4,6.27,0
37.75,48,1969,21.19,4,6.22,0
37.75,48.25,1510,21.17,4,6.21,0.06
37.75,48.5,1839,21.2,4,6.23,0
38,39,537,21.1,4,6.17,0.27
38,39.25,957,21.24,4,6.25,0
38,39.5,818,21.17,4,6.21,0
38,39.75,825,20.88,4,6.05,0
38,40,784,20.22,5,5.64,0.8
38,40.25,586,19.83,5,5.38,1.35
38,40.5,650,20.76,4,5.98,0.95
38,40.75,659,21,4,6.12,0.69
38,41,662,20.8,4,6,0.59
38,41.25,808,20.55,4,5.85,0.7
38,41.5,634,20.05,5,5.53,5.49
38,41.75,573,20.61,4,5.89,0.06
38,42,1458,20.76,4,5.98,0.06
38,42.25,1490,21.14,4,6.19,0.28
38,42.5,1607,21.18,4,6.22,0
38,42.75,2269,21.27,4,6.26,0
38,43,2161,21.22,4,6.24,0.06
38,43.25,2790,21.35,3,6.31,0
38,43.5,2292,21.33,4,6.3,0
38,43.75,2775,21.2,4,6.23,0
38,44,2124,21.1,4,6.17,0
38,44.25,2802,21.3,4,6.28,0
38,44.5,2463,21.26,4,6.26,0
38,44.75,1936,21.06,4,6.15,0
38,45,1532,21.03,4,6.13,0
38,45.25,1268,21.22,4,6.24,0
38,45.5,1274,21.19,4,6.22,0
38,45.75,1282,20.99,4,6.11,0
38,46,1301,19.7,5,5.29,1.31
38,46.25,1622,19.38,5,5.06,3.76
38,46.5,1782,19.31,5,5.01,10.69
38,46.75,1745,21.01,4,6.12,0.98
38,47,1637,21.04,4,6.14,0.78
38,47.25,1633,21.19,4,6.22,0
38,47.5,1829,20.77,4,5.98,0.1
38,47.75,2044,21.23,4,6.24,0.14
38,48,1650,20.71,4,5.95,0.06
38,48.25,1499,21.01,4,6.12,0.72
38,48.5,2011,21.17,4,6.21,0.06
