file,source,weight,flags,site,camera,lat,lon,elevation_m,cloud,unix,utc,exposure_s,iso,f_number,sqm_measured,background_lin,stars,stars_per_mpx,mag_rel,thumb,local_datetime,notes,site_ar,notes_ar,kind,sun_alt,moon_alt,moon_illum,light_point,light_10km,light_10_50km,light_50_160km,skyglow_index,log_light_point,log_light_10km,log_light_10_50km,log_light_50_160km,log_skyglow,elevation_km,moon_light,solar_hour,abs_lat,season,model_sqm,photo_sqm,method,delta,nelm
photo_٢٠٢٦-٠٩-٢٥_٢٣-٥٧-٥٢ (2).jpg,stripped,0.5,no_exposure_settings,Mosul - Al-Shalalat Equestrian Club,,36.4265,43.1672,250.0,0.0,1724868000.0,2024-08-28T18:00:00+00:00,,,,,0.04113565385341644,309,251.5,,photos/obs_fbe825bd47.jpg,2024-08-28 21:00:00,Al-Shalalat Equestrian Club - clear blue sky (3/3),الموصل - نادي الشلالات للفروسية,نادي الشلالات - سماء صافية (3/3),sky,-26.1780703473379,-10.0,0.25984919861681965,0.06455252816279729,0.1924024841748178,0.05129790752544068,0.055922522275553395,1.2229210355598357,-1.1894144878650323,-0.7155636617063675,-1.2890545613287043,-1.251637342036991,0.08743392682287175,0.25,0.0,-3.1221866666455753,36.4265,-0.8660254037844385,19.773245000000003,,,,
photo_٢٠٢٦-٠٩-٢٥_٢٣-٥٧-٥٢.jpg,stripped,0.5,no_exposure_settings,Mosul - Residential Area,,36.3489,43.1577,225.0,0.0,1724792400.0,2024-08-27T21:00:00+00:00,,,,,0.15022167563438416,2429,1814.2,,photos/obs_e38c160014.jpg,2024-08-28 00:00:00,Light pollution inside a residential area at midnight,الموصل - منطقة سكنية,التلوث الضوئي داخل منطقة سكنية عند منتصف الليل,sky,-43.79592041124278,3.736430747628048,0.347454731759806,0.8762683735953437,0.4360133027036985,0.037618145218584684,0.051537681923946366,5.203221560422626,-0.05731330365909511,-0.3604006659000709,-1.4234496717443368,-1.287033261956256,0.7162806657195763,0.225,0.02264251521459138,-0.12281999998958781,36.3489,-0.8660254037844385,18.523596,,,,
photo_٢٠٢٦-٠٩-٢٥_٢٣-٥٧-٥٣ (2).jpg,stripped,0.5,no_exposure_settings,Mosul - Residential Area,,36.3489,43.1577,225.0,0.0,1724801400.0,2024-08-27T23:30:00+00:00,,,,,0.0003035269910469651,1571,1278.5,,photos/obs_f862bf8a4d.jpg,2024-08-28 02:30:00,Residential area at 2:30 AM - Pleiades cluster,الموصل - منطقة سكنية,منطقة سكنية الساعة 2:30 فجراً - عنقود الثريا,sky,-33.21852801330402,30.365685717227755,0.3365628019917628,0.8762683735953437,0.4360133027036985,0.037618145218584684,0.051537681923946366,5.203221560422626,-0.05731330365909511,-0.3604006659000709,-1.4234496717443368,-1.287033261956256,0.7162806657195763,0.225,0.1701382571390186,2.377180000010412,36.3489,-0.8660254037844385,18.593737,,,,
photo_٢٠٢٦-٠٩-٢٥_٢٣-٥٧-٥٣.jpg,stripped,0.5,no_exposure_settings,Mosul - Residential Area,,36.3489,43.1577,225.0,0.0,1724801400.0,2024-08-27T23:30:00+00:00,,,,,0.0,534,434.6,,photos/obs_2181d74b6e.jpg,2024-08-28 02:30:00,Residential area at 2:30 AM - Moon/Mars/Jupiter/Aldebaran/Elnath,الموصل - منطقة سكنية,منطقة سكنية الساعة 2:30 فجراً - القمر والمريخ والمشتري والدبران والنطح,sky,-33.21852801330402,30.365685717227755,0.3365628019917628,0.8762683735953437,0.4360133027036985,0.037618145218584684,0.051537681923946366,5.203221560422626,-0.05731330365909511,-0.3604006659000709,-1.4234496717443368,-1.287033261956256,0.7162806657195763,0.225,0.1701382571390186,2.377180000010412,36.3489,-0.8660254037844385,18.593737,,,,
photo_٢٠٢٦-٠٩-٢٥_٢٣-٥٧-٥٤ (2).jpg,stripped,0.5,no_exposure_settings,Mosul - Al-Shalalat Equestrian Club,,36.4265,43.1672,250.0,0.0,1724868000.0,2024-08-28T18:00:00+00:00,,,,,0.024341978132724762,945,769.0,,photos/obs_9c263b52b6.jpg,2024-08-28 21:00:00,Al-Shalalat Equestrian Club - trees on right (2/3),الموصل - نادي الشلالات للفروسية,نادي الشلالات - أشجار على اليمين (2/3),sky,-26.1780703473379,-10.0,0.25984919861681965,0.06455252816279729,0.1924024841748178,0.05129790752544068,0.055922522275553395,1.2229210355598357,-1.1894144878650323,-0.7155636617063675,-1.2890545613287043,-1.251637342036991,0.08743392682287175,0.25,0.0,-3.1221866666455753,36.4265,-0.8660254037844385,19.773245000000003,,,,
photo_٢٠٢٦-٠٩-٢٥_٢٣-٥٧-٥٤.jpg,stripped,0.5,no_exposure_settings,Mosul - Residential Area,,36.3489,43.1577,225.0,0.0,1724801400.0,2024-08-27T23:30:00+00:00,,,,,0.0002828264550771564,1217,744.0,,photos/obs_57b6fc5d45.jpg,2024-08-28 02:30:00,Residential area at 2:30 AM - next to building edge,الموصل - منطقة سكنية,منطقة سكنية الساعة 2:30 فجراً - بجانب حافة بناية,sky,-33.21852801330402,30.365685717227755,0.3365628019917628,0.8762683735953437,0.4360133027036985,0.037618145218584684,0.051537681923946366,5.203221560422626,-0.05731330365909511,-0.3604006659000709,-1.4234496717443368,-1.287033261956256,0.7162806657195763,0.225,0.1701382571390186,2.377180000010412,36.3489,-0.8660254037844385,18.593737,,,,
photo_٢٠٢٦-٠٩-٢٥_٢٣-٥٧-٥٥ (2).jpg,stripped,0.5,no_exposure_settings,Mosul - Al-Shalalat Equestrian Club,,36.4265,43.1672,250.0,0.0,1724868000.0,2024-08-28T18:00:00+00:00,,,,,0.0023264007177203894,29,23.6,,photos/obs_0e75e84bc3.jpg,2024-08-28 21:00:00,Telescope shot (1/2),الموصل - نادي الشلالات للفروسية,صورة بالتلسكوب (1/2),telescope,-26.1780703473379,-10.0,0.25984919861681965,0.06455252816279729,0.1924024841748178,0.05129790752544068,0.055922522275553395,1.2229210355598357,-1.1894144878650323,-0.7155636617063675,-1.2890545613287043,-1.251637342036991,0.08743392682287175,0.25,0.0,-3.1221866666455753,36.4265,-0.8660254037844385,19.773245000000003,,,,
photo_٢٠٢٦-٠٩-٢٥_٢٣-٥٧-٥٥ (3).jpg,stripped,0.5,no_exposure_settings,Mosul - Al-Shalalat Equestrian Club,,36.4265,43.1672,250.0,0.0,1724868000.0,2024-08-28T18:00:00+00:00,,,,,0.002428215928375721,97,134.2,,photos/obs_b497b8d8d8.jpg,2024-08-28 21:00:00,Telescope shot (2/2),الموصل - نادي الشلالات للفروسية,صورة بالتلسكوب (2/2),telescope,-26.1780703473379,-10.0,0.25984919861681965,0.06455252816279729,0.1924024841748178,0.05129790752544068,0.055922522275553395,1.2229210355598357,-1.1894144878650323,-0.7155636617063675,-1.2890545613287043,-1.251637342036991,0.08743392682287175,0.25,0.0,-3.1221866666455753,36.4265,-0.8660254037844385,19.773245000000003,,,,
photo_٢٠٢٦-٠٩-٢٥_٢٣-٥٧-٥٥.jpg,stripped,0.5,no_exposure_settings,Mosul - Al-Shalalat Equestrian Club,,36.4265,43.1672,250.0,0.0,1724868000.0,2024-08-28T18:00:00+00:00,,,,,0.03523921221494675,100,81.4,,photos/obs_458d0122c5.jpg,2024-08-28 21:00:00,Al-Shalalat Equestrian Club (1/3),الموصل - نادي الشلالات للفروسية,نادي الشلالات للفروسية (1/3),sky,-26.1780703473379,-10.0,0.25984919861681965,0.06455252816279729,0.1924024841748178,0.05129790752544068,0.055922522275553395,1.2229210355598357,-1.1894144878650323,-0.7155636617063675,-1.2890545613287043,-1.251637342036991,0.08743392682287175,0.25,0.0,-3.1221866666455753,36.4265,-0.8660254037844385,19.773245000000003,,,,
