lat,lon,elevation_m,unix,cloud,sun_alt,moon_alt,moon_illum,light_point,light_10km,light_10_50km,light_50_160km,skyglow_index,Country,LimitingMag,sqm
40.8373,31.1374,141.155,1577413740.0,0.75,-31.217162550366233,-40.762325210190944,0.011338621623028955,0.7852880458037058,0.3163607390364632,0.01777409325077315,0.02922245728841517,3.666012273909294,Turkey,7,22.939786247174688
36.8252,30.3355,2459.0,1566605880.0,0.0,-32.138109257611845,35.99247786438304,0.44910006706734706,0.010417766765587859,0.011738525703549385,0.0641950499444647,0.03092661858026986,0.23802368545794886,Turkey,6,20.79997557458062
41.0093,28.9839,27.4983,1556063220.0,0.5,-31.261601248781393,20.547677259600853,0.7716429307156392,0.8186062773068746,0.7306593648138612,0.24620498191798107,0.029830378159628405,6.630943871810955,Turkey,2,15.796320161757873
39.9334,32.8597,896.448,1551747180.0,0.0,-38.91511302043174,-33.61820988744018,0.02421668820347439,1.0,0.9438912654916446,0.22244349191896617,0.015321329641058886,8.369679426753644,Turkey,3,16.886706373362806
41.3635,33.7544,843.758,1609119540.0,0.0,-38.78218611856216,18.425847359221518,0.9559643361040788,0.4089408587250445,0.11965294205195581,0.006558864405087661,0.009867705181386554,1.4828957409914547,Turkey,7,22.939786247174688
38.9637,35.2433,1220.34,1607215620.0,0.0,-45.276217085040884,62.6461532338795,0.7051745690152068,0.010720439876119295,0.03487208598138144,0.08221795330173336,0.013220841212508579,0.3626684415583436,Turkey,7,22.939786247174688
41.3656,33.7661,799.577,1607215380.0,0.0,-46.77339183608112,59.687334780444715,0.7054536055904644,0.7279538843366835,0.13152671175193972,0.018788068924914116,0.008943938583737083,1.785115844053633,Turkey,7,22.939786247174688
38.9637,35.2433,1220.34,1607214120.0,0.0,-50.070710838456144,58.86943070818247,0.7069169886234636,0.010720439876119295,0.03487208598138144,0.08221795330173336,0.013220841212508579,0.3626684415583436,Turkey,7,22.939786247174688
41.3655,33.7661,798.849,1607112600.0,0.0,-63.78883830182252,24.386387787240864,0.8151240419830095,0.7279538843366835,0.13152671175193972,0.018788068924914116,0.008943938583737083,1.785115844053633,Turkey,7,22.939786247174688
38.9637,35.2433,1220.34,1607112000.0,0.0,-64.6176108933663,23.24360992911325,0.8157008153978688,0.010720439876119295,0.03487208598138144,0.08221795330173336,0.013220841212508579,0.3626684415583436,Turkey,7,22.939786247174688
38.9637,35.2433,1220.34,1607111040.0,0.0,-61.964444533454284,20.33736249118116,0.8166219940451882,0.010720439876119295,0.03487208598138144,0.08221795330173336,0.013220841212508579,0.3626684415583436,Turkey,7,22.939786247174688
24.7136,46.6753,637.182,1606789500.0,0.0,-12.74323143828177,19.73194127356476,0.9961075683999363,1.0,1.0,0.4843637515790761,0.03675895468331873,9.23910769894433,Saudi Arabia,3,16.886706373362806
40.1646,34.9138,930.522,1605639180.0,0.0,-51.134302489494445,-25.942803375456286,0.08949540947489742,0.009366451659136348,0.057236093655228616,0.019343000670778564,0.020795230257014432,0.3700239264202474,Turkey,7,22.939786247174688
40.1376,26.4102,9.35851,1602635940.0,0.0,-42.44785039069383,-5.797915704942065,0.10638079239712928,0.8613076839182112,0.18224418293878747,0.020008504771249137,0.026812981785769806,2.7172369576259254,Turkey,1,14.741167312147088
41.0341,29.0884,120.58,1602366660.0,0.75,-55.91205033589292,3.6907031157427244,0.3950592468777629,1.0,0.8501022228350242,0.2191609289842745,0.03066696563885974,7.992197353870376,Turkey,5,19.302134051847233
36.9992,35.44,63.875,1601936820.0,0.0,-55.227513013805016,58.179646492821774,0.8570825073784414,0.9475739002227783,0.5553814814426005,0.07404113120901457,0.0300649436598178,5.727558292219837,Turkey,2,15.796320161757873
36.9992,35.4401,63.6653,1601935500.0,0.0,-56.88411278636449,54.33631193818217,0.8580988692168036,0.9475739002227783,0.5553814814426005,0.07404113120901457,0.0300649436598178,5.727558292219837,Turkey,1,14.741167312147088
39.9334,32.8597,896.448,1601765280.0,0.0,-51.001406158217456,58.824502532887756,0.9595661945366453,1.0,0.9438912654916446,0.22244349191896617,0.015321329641058886,8.369679426753644,Turkey,7,22.939786247174688
39.9334,32.8597,896.448,1601751840.0,0.0,-40.22819300341425,28.34257449176582,0.96496205640956,1.0,0.9438912654916446,0.22244349191896617,0.015321329641058886,8.369679426753644,Turkey,7,22.939786247174688
39.9334,32.8597,896.448,1601593740.0,0.0,-48.23716687821954,45.978097223114545,0.9979549251218849,1.0,0.9438912654916446,0.22244349191896617,0.015321329641058886,8.369679426753644,Turkey,7,22.939786247174688
21.5084,39.1839,7.33744,1601163780.0,0.75,-48.8178166767644,-6.112464870605771,0.7875038983300366,1.0,0.9210114787022273,0.3909825850452762,0.06569346539642235,8.687627974788324,Saudi Arabia,1,14.741167312147088
21.5072,39.1787,2.72347,1601162460.0,0.75,-53.40835311271704,-1.5209188535562708,0.7861959335627353,1.0,0.9130479832490285,0.3853326381624356,0.06950240139146141,8.635746277336017,Saudi Arabia,1,14.741167312147088
25.1288,51.336,34.5034,1600984980.0,0.0,-56.3849168564514,-21.321907814371126,0.5828585531628985,1.0,0.7071639789889256,0.3283559140258149,0.043819497303532746,7.365306982392412,Qatar,1,14.741167312147088
25.1288,51.336,34.5034,1600984980.0,0.0,-56.3849168564514,-21.321907814371126,0.5828585531628985,1.0,0.7071639789889256,0.3283559140258149,0.043819497303532746,7.365306982392412,Qatar,1,14.741167312147088
25.1286,51.3355,34.5861,1600984980.0,0.0,-56.38538511003424,-21.321416068506178,0.5828585531628985,1.0,0.7071639789889256,0.3283559140258149,0.043819497303532746,7.365306982392412,Qatar,1,14.741167312147088
39.8561,32.6451,1006.74,1600555020.0,0.0,-47.201912111286084,-53.61016370974082,0.08324268164724974,0.9998622271749709,0.654234732563297,0.2353240598400589,0.019222129536016534,6.565816804966247,Turkey,5,19.302134051847233
38.9573,35.2445,1205.53,1600305600.0,0.5,-23.84663446589657,-16.45764287657156,0.004666790235253848,0.024016092117461894,0.020190016124009464,0.073122972791316,0.013650964834960177,0.23926793454839015,Turkey,1,14.741167312147088
25.115,51.3448,31.804,1600296960.0,0.0,-45.20219962720975,-36.744626420377166,0.006000289385203972,0.9672542015711466,0.633541003614664,0.32237468826679105,0.04251344372654178,6.5420537573565145,Qatar,2,15.796320161757873
38.6358,34.7317,1181.45,1600045800.0,0.0,-25.458396915141122,17.941781012142634,0.14845075343239533,0.8739337457550896,0.23614559713751077,0.05468335390323773,0.03594665629983259,3.6495691679210487,Turkey,7,22.939786247174688
40.9674,37.9006,27.76,1599697500.0,0.5,-28.51875572576914,51.704434735227856,0.5304735007301531,0.935501237710317,0.19433720126301826,0.011281402528766193,0.024864768740856864,3.242524712445182,Turkey,5,19.302134051847233
40.9674,37.9006,27.76,1599697500.0,0.5,-28.51875572576914,51.704434735227856,0.5304735007301531,0.935501237710317,0.19433720126301826,0.011281402528766193,0.024864768740856864,3.242524712445182,Turkey,5,19.302134051847233
39.9806,32.7993,1011.67,1599263880.0,0.0,-34.41773757011251,51.13988236761508,0.9239956544656802,1.0,0.8880270858605702,0.22153569987567606,0.02257510565444439,8.235599634183073,Turkey,2,15.796320161757873
38.7205,35.4638,1051.91,1599163080.0,0.0,-38.48571684697416,30.307817245189728,0.9707772195323239,1.0,0.8181281847258409,0.03769297670805827,0.017648394392260038,7.291386064842085,Turkey,4,18.038141875960445
41.0284,28.7774,62.3478,1598824200.0,0.25,-40.12712137189882,25.928975032039908,0.9508062845561369,1.0,0.8119818894192576,0.18557646584304166,0.023192831704363925,7.156481936830258,Turkey,3,16.886706373362806
39.7609,30.5571,809.947,1598823120.0,0.0,-41.12974195520635,27.74046765722219,0.9502539327752022,1.0,0.5180768609978259,0.014256046830269042,0.02725332956930894,6.0621924127598215,Turkey,3,16.886706373362806
38.2471,27.9925,167.358,1598130540.0,0.0,-38.14707188638316,-22.609866275505066,0.18025981335971958,0.540806050101916,0.18735913637792692,0.05031167386332527,0.0561146561257677,2.583513736499735,Turkey,1,14.741167312147088
40.6538,29.1727,62.2547,1598052480.0,0.0,-34.262228746461524,-44.76198890603174,0.10619377143697534,0.20209149188465542,0.16043037195777288,0.13594143303344025,0.02155805316288024,1.8880576479110287,Turkey,2,15.796320161757873
37.838,27.8456,53.6638,1597710720.0,0.0,-29.52185644637024,-15.415350536771248,0.017813796561646777,0.9983610179689195,0.3698002113727853,0.07052802040998359,0.05219276438632126,5.3105460580264205,Turkey,2,15.796320161757873
41.0446,28.7657,62.0857,1597709220.0,0.5,-29.38593307835097,-15.777336117873219,0.018305694220530244,0.9880642228656344,0.7980980345358452,0.1830206171653117,0.022325009345756066,6.97598826562715,Turkey,1,14.741167312147088
38.2098,37.1936,1135.37,1597685100.0,0.0,-12.10012109216112,-16.139847075941198,0.027173389957898475,0.9644715454843309,0.21944131649409732,0.020156686060363426,0.0147895778240733,3.6632630666104156,Turkey,5,19.302134051847233
38.9637,35.2433,1220.34,1596750300.0,0.0,-34.56084506028653,31.339882100863264,0.8903680568554366,0.010720439876119295,0.03487208598138144,0.08221795330173336,0.013220841212508579,0.3626684415583436,Turkey,2,15.796320161757873
26.2155,50.5593,4.0,1595634840.0,0.25,-25.095205772485187,-57.13755011035268,0.21668455006600862,1.0,0.8618713010723392,0.17101287326731834,0.09587483677775405,7.897955872726873,Bahrain,2,15.796320161757873
26.2185,50.4973,8.48545,1595631900.0,0.0,-32.902794003912696,-52.54774376519882,0.2133910560596154,1.0,0.7139502085900555,0.22997046136733842,0.0794965903160725,7.4453905067082635,Bahrain,2,15.796320161757873
30.0001,31.5409,349.821,1592265840.0,0.0,-28.311490047676912,4.565800089461078,0.25398741365124317,0.8671087490187751,0.48271982607742153,0.43971965146483855,0.21105417019110367,5.111586640313177,Egypt,2,15.796320161757873
30.0001,31.5409,349.821,1592265840.0,0.0,-28.311490047676912,4.565800089461078,0.25398741365124317,0.8671087490187751,0.48271982607742153,0.43971965146483855,0.21105417019110367,5.111586640313177,Egypt,2,15.796320161757873
30.066,31.4856,231.681,1592091300.0,0.5,-31.49605325195156,10.340777195983135,0.4329466612130554,1.0,0.9153183259069919,0.5417162003344856,0.18802127245508019,8.914942958574343,Egypt,2,15.796320161757873
29.9538,31.537,407.562,1591920180.0,0.0,-28.540675973907852,26.736936371835466,0.6206046434783785,0.10675459851821263,0.2827388728658358,0.4160042691626586,0.20753988966195416,2.732505628207914,Egypt,2,15.796320161757873
30.1867,31.4855,77.1932,1587333660.0,0.25,-48.31856750760008,-51.75511050811219,0.09066418940458548,0.9999309513303969,0.9428857430815697,0.6068970874417573,0.21692803738405927,9.20969998059954,Egypt,3,16.886706373362806
30.1872,31.4858,72.7595,1591835940.0,0.25,-23.64535037955027,35.613529542275266,0.7106780985256924,0.9999309513303969,0.9428857430815697,0.6068970874417573,0.21692803738405927,9.20969998059954,Egypt,3,16.886706373362806
34.8859,76.7969,3175.03,1591818600.0,0.0,-30.48425207718166,17.338520296757412,0.7286149916129794,0.0076700275660389,0.007083018791551391,0.011748553716461173,0.012710386464217056,0.08615806705172216,Egypt,5,19.302134051847233
30.0957,31.3142,36.8787,1591825020.0,0.25,-36.66202938902886,5.5916890573762155,0.7220044609028132,1.0,0.9999793340762456,0.6538839183747769,0.21051791513333834,9.590192724639058,Egypt,1,14.741167312147088
30.1039,31.6366,240.845,1591741380.0,0.0,-36.4210212500026,20.824022399613373,0.804692045440503,0.9999309513303969,0.7231343058248361,0.4135632003773935,0.22361218976802774,7.882737127233728,Egypt,1,14.741167312147088
30.0055,31.5409,347.334,1588282260.0,0.25,-44.70724836187288,21.585839027949287,0.524413130866223,0.9276614122920566,0.5037382839868466,0.4374276299844496,0.21065000039816367,5.382197848401211,Egypt,2,15.796320161757873
30.0632,31.4277,182.547,1586903040.0,0.0,-49.62012947156149,-7.7086112025354385,0.5094119293012938,1.0,0.9872584193944931,0.5673811181099154,0.20577911747726224,9.225902001200424,Egypt,1,14.741167312147088
30.0632,31.4277,182.547,1586903040.0,0.0,-49.62012947156149,-7.7086112025354385,0.5094119293012938,1.0,0.9872584193944931,0.5673811181099154,0.20577911747726224,9.225902001200424,Egypt,1,14.741167312147088
30.0958,31.6351,242.003,1590099540.0,0.0,-39.0918096796697,-42.04349895450929,0.007979212478545383,1.0,0.6875404806186756,0.4080724227591418,0.22473441714294798,7.6613092072613345,Egypt,1,14.741167312147088
30.0668,31.4781,229.373,1590274440.0,0.0,-37.007381907279765,-37.94462004130826,0.013562611224013144,1.0,0.9342763185501098,0.5279321916634216,0.18313409695304775,8.969046710668165,Egypt,2,15.796320161757873
30.0668,31.4781,229.4,1590186180.0,0.0,-38.814603515193355,-40.64532991550869,0.00046032260241685163,1.0,0.9342763185501098,0.5279321916634216,0.18313409695304775,8.969046710668165,Egypt,1,14.741167312147088
30.0958,31.6351,242.003,1590099540.0,0.0,-39.0918096796697,-42.04349895450929,0.007979212478545383,1.0,0.6875404806186756,0.4080724227591418,0.22473441714294798,7.6613092072613345,Egypt,1,14.741167312147088
30.0668,31.4781,229.423,1590102000.0,0.5,-36.93046244028689,-38.09772223135369,0.007501243147081116,1.0,0.9342763185501098,0.5279321916634216,0.18313409695304775,8.969046710668165,Egypt,1,14.741167312147088
30.0958,31.6351,242.003,1590099540.0,0.0,-39.0918096796697,-42.04349895450929,0.007979212478545383,1.0,0.6875404806186756,0.4080724227591418,0.22473441714294798,7.6613092072613345,Egypt,1,14.741167312147088
30.1419,31.6285,189.97,1590098400.0,0.0,-39.45863281047372,-43.3241321369376,0.008205789831005728,0.9983143409093221,0.796413471053044,0.42918686851626264,0.2135833227162948,8.286382158808262,Egypt,6,20.79997557458062
30.0668,31.4781,229.42,1590013620.0,0.0,-39.046077297261085,-40.56449529946206,0.03376038053929459,1.0,0.9342763185501098,0.5279321916634216,0.18313409695304775,8.969046710668165,Egypt,1,14.741167312147088
30.0668,31.4781,229.293,1589926560.0,0.25,-39.63177809826241,-39.814298050718335,0.07658886976074042,1.0,0.9342763185501098,0.5279321916634216,0.18313409695304775,8.969046710668165,Egypt,1,14.741167312147088
30.0668,31.4781,229.385,1589840580.0,0.25,-39.610605025563125,-34.75811403498248,0.13345061898054278,1.0,0.9342763185501098,0.5279321916634216,0.18313409695304775,8.969046710668165,Egypt,1,14.741167312147088
30.0668,31.4781,229.385,1589754060.0,0.0,-39.89626883563136,-30.069794104033914,0.2033599872411725,1.0,0.9342763185501098,0.5279321916634216,0.18313409695304775,8.969046710668165,Egypt,1,14.741167312147088
30.0668,31.478,229.331,1589667120.0,0.25,-40.385167831382645,-25.929085088739118,0.28449004642751485,1.0,0.9342763185501098,0.5279321916634216,0.18313409695304775,8.969046710668165,Egypt,1,14.741167312147088
30.0667,31.4784,230.019,1589580480.0,0.25,-40.70251126138483,-19.962094358153024,0.3741108892715398,1.0,0.9342763185501098,0.5279321916634216,0.18313409695304775,8.969046710668165,Egypt,1,14.741167312147088
30.0444,31.2357,26.7184,1589500800.0,0.0,-32.20056871063782,9.790816672358046,0.4621938382710581,1.0,0.9985345502694448,0.6443565973080695,0.20684861249440775,9.540437706296961,Egypt,3,16.886706373362806
30.0667,31.478,229.401,1589494380.0,0.75,-40.81955670494593,-11.436104171020292,0.46945897296450445,1.0,0.9342763185501098,0.5279321916634216,0.18313409695304775,8.969046710668165,Egypt,1,14.741167312147088
30.1254,31.6057,190.471,1589236620.0,0.0,-40.49308205053257,17.4762642657164,0.7601135556279374,1.0,0.8105792457858721,0.44827858414500954,0.21657944978554344,8.264025254594245,Egypt,3,16.886706373362806
31.7704,35.1976,766.312,1588549500.0,0.25,-33.22074383606242,17.10219116379054,0.8471852589359049,1.0,0.8610892966389656,0.31357154717225055,0.1260553193084585,8.245588088485396,Israel,3,16.886706373362806
30.0055,31.5409,347.334,1588282260.0,0.25,-44.70724836187288,21.585839027949287,0.524413130866223,0.9276614122920566,0.5037382839868466,0.4374276299844496,0.21065000039816367,5.382197848401211,Egypt,2,15.796320161757873
30.0055,31.5409,347.334,1588282260.0,0.25,-44.70724836187288,21.585839027949287,0.524413130866223,0.9276614122920566,0.5037382839868466,0.4374276299844496,0.21065000039816367,5.382197848401211,Egypt,2,15.796320161757873
31.7732,35.2099,776.856,1587943800.0,0.0,-37.038370415892224,-33.19513647583255,0.13921637137639187,1.0,0.8708714805543423,0.30544441449710574,0.11127385788859101,8.242839316571542,Israel,3,16.886706373362806
29.8058,31.895,318.076,1588023120.0,0.0,-45.87938185573598,-9.79876855410016,0.2122589371809399,0.014506805688142776,0.020902329528083404,0.08599799432558938,0.20933210156993784,0.44218161918411003,Egypt,1,14.741167312147088
30.0959,31.3144,37.5992,1586986860.0,0.0,-49.70524089222614,-26.267898994526277,0.40995641230955704,1.0,0.9999793340762456,0.6538839183747769,0.21051791513333834,9.590192724639058,Egypt,1,14.741167312147088
31.8069,35.0826,675.039,1587948660.0,0.0,-25.046467447966087,-35.41009074605003,0.14328153583275227,0.8098894788159264,0.5647405038277308,0.4395241351056029,0.10682307749181442,5.391716051208773,Israel,4,18.038141875960445
30.1168,31.6186,207.982,1587940980.0,0.0,-44.3943191299635,-29.00182946768899,0.13688310197983167,1.0,0.7837578233331441,0.4250191710307263,0.2211947518560919,8.223639499626737,Egypt,4,18.038141875960445
32.1395,34.8446,68.1036,1587946980.0,0.0,-29.55330320544935,-34.97874846699365,0.1418700115740777,0.99791110224194,0.8403654999177282,0.3420254284181283,0.11297422323380792,8.35028399612923,Israel,4,18.038141875960445
30.0619,31.4264,185.229,1587938340.0,0.25,-46.13303258949765,-23.259544593929274,0.13471582618064482,1.0,0.988328555226326,0.5743057623156347,0.20221595027590714,9.233487741516432,Egypt,1,14.741167312147088
30.0259,31.4959,309.624,1587677580.0,0.0,-46.91273552165154,-45.728488227067835,0.006563106429520904,1.0,0.786282677265505,0.48111309722298756,0.20209549222757536,8.32855164126017,Egypt,2,15.796320161757873
30.0997,31.6349,244.421,1587767100.0,0.0,-46.03944610297761,-42.05266240438334,0.03104852698833943,1.0,0.7051752787083387,0.41327240123646336,0.22271316521340243,7.755717758330411,Egypt,2,15.796320161757873
30.0085,31.4285,266.133,1587767040.0,0.0,-46.20649669746202,-42.032723554749055,0.031025269365438368,1.0,0.872697506348292,0.5315885807853192,0.20978913686194572,8.797896566505557,Egypt,3,16.886706373362806
31.7675,35.2183,762.049,1587688500.0,0.25,-28.451204156275715,-35.27008513068772,0.00846235833641995,1.0,0.8665898141761621,0.3153877871594887,0.11309507026259477,8.259646224773974,Israel,2,15.796320161757873
32.1404,34.8444,71.5519,1587688200.0,0.0,-29.267793252633066,-35.87182994769735,0.008406178165081657,0.99791110224194,0.8402343842123324,0.34545443126226016,0.10774888946058733,8.359874329004663,Israel,2,15.796320161757873
30.0259,31.4959,309.624,1587677580.0,0.0,-46.91273552165154,-45.728488227067835,0.006563106429520904,1.0,0.786282677265505,0.48111309722298756,0.20209549222757536,8.32855164126017,Egypt,2,15.796320161757873
30.1418,31.629,189.81,1587505800.0,0.5,-47.71918400175219,-55.702755966844656,0.014977652442975498,0.9983143409093221,0.7966671891510486,0.43154179056873543,0.2140756341405601,8.312819889764405,Egypt,1,14.741167312147088
30.1059,31.6313,244.448,1587593940.0,0.0,-46.93900163934099,-51.6510843780649,0.0018158948821073162,1.0,0.7256932290891807,0.4209976420388557,0.2191658378362869,7.96143420943297,Egypt,2,15.796320161757873
30.1025,31.6341,242.999,1587506400.0,0.0,-47.72317075513197,-54.99232269409959,0.014827166415270154,1.0,0.710985493970414,0.41380994537612426,0.22400501324955258,7.816136937267364,Egypt,2,15.796320161757873
30.1036,31.6342,242.313,1587503160.0,0.0,-46.30749062192479,-57.216030478263775,0.015649514290890953,1.0,0.7236925982559721,0.409036554384511,0.22179542374190836,7.878495025447766,Egypt,1,14.741167312147088
30.1036,31.6342,242.313,1587420000.0,0.0,-48.06233558809467,-54.858156458434806,0.04476791561212229,1.0,0.7236925982559721,0.409036554384511,0.22179542374190836,7.878495025447766,Egypt,1,14.741167312147088
30.1045,31.6343,242.36,1587418800.0,0.0,-47.989012901274194,-57.45267853067054,0.04529870593040952,1.0,0.7236925982559721,0.409036554384511,0.22179542374190836,7.878495025447766,Egypt,2,15.796320161757873
30.1024,31.6311,245.749,1587337920.0,0.0,-44.283248751673995,-37.91807230838128,0.08804081887346893,1.0,0.7035898693526784,0.4172752469079569,0.22265383318226667,7.817016602656216,Egypt,4,18.038141875960445
30.1029,31.6339,242.873,1587249240.0,0.5,-47.62481104447459,-39.57072044290195,0.14996104697765816,1.0,0.7240360243245959,0.4109420283115469,0.22355461472495033,7.881622705337049,Egypt,3,16.886706373362806
30.1053,31.6357,239.187,1587163500.0,0.0,-47.27819889797872,-30.028075207975323,0.22355308067272595,0.9999309513303969,0.7277282685041427,0.4204866917571053,0.2208006238581826,7.948920744473441,Egypt,4,18.038141875960445
30.1008,31.638,241.106,1587072600.0,0.5,-49.096033241921944,-37.543652504803624,0.3144596182283606,1.0,0.7066635300715765,0.41757930741878224,0.22484722518832617,7.785990973249248,Egypt,3,16.886706373362806
30.1037,31.6342,242.313,1587080280.0,0.5,-42.32027581113545,-10.947254601650869,0.3063255599265745,1.0,0.7236925982559721,0.409036554384511,0.22179542374190836,7.878495025447766,Egypt,2,15.796320161757873
30.0736,31.4937,220.015,1587075420.0,0.5,-49.14054624739591,-27.807180867843158,0.31146394963674295,1.0,0.90257758051157,0.5380176429636776,0.1898864212470168,8.79300278639258,Egypt,2,15.796320161757873
30.0736,31.4937,220.015,1587075420.0,0.5,-49.14054624739591,-27.807180867843158,0.31146394963674295,1.0,0.90257758051157,0.5380176429636776,0.1898864212470168,8.79300278639258,Egypt,2,15.796320161757873
30.0957,31.3152,48.3515,1586900580.0,0.0,-50.094266168947684,-15.88278336096591,0.5123849829426688,1.0,0.9999793340762456,0.6480925655923784,0.21051695474573837,9.58542885407751,Egypt,1,14.741167312147088
30.0907,31.6352,252.404,1586998620.0,0.0,-30.404189523798262,12.184941679299424,0.3964068147006458,1.0,0.6583542017887036,0.4072382085258141,0.22344300221060015,7.400247456845551,Egypt,2,15.796320161757873
30.0907,31.6352,252.404,1586998620.0,0.0,-30.404189523798262,12.184941679299424,0.3964068147006458,1.0,0.6583542017887036,0.4072382085258141,0.22344300221060015,7.400247456845551,Egypt,2,15.796320161757873
30.1076,31.3831,82.8538,1586997300.0,0.75,-34.34694934775498,8.038160066742531,0.3979214428967113,1.0,0.9996294657389323,0.6594400220434181,0.1826211569268101,9.534100370684156,Egypt,1,14.741167312147088
30.1363,31.6172,190.966,1586995200.0,0.0,-39.639131302841925,1.6859106260004229,0.4003343888329286,1.0,0.8016300107041995,0.43166037937626245,0.21046775023860392,8.340547121157213,Egypt,2,15.796320161757873
30.104,31.634,242.716,1586992860.0,0.0,-44.684323592716,-5.817776083307784,0.4030278333410724,1.0,0.7236925982559721,0.409036554384511,0.22179542374190836,7.878495025447766,Egypt,3,16.886706373362806
30.1037,31.6366,241.066,1586989980.0,0.0,-48.7423728005868,-15.377171284103168,0.40634958886744843,0.9999309513303969,0.7231343058248361,0.4135632003773935,0.22361218976802774,7.882737127233728,Egypt,2,15.796320161757873
29.955,31.2759,43.2246,1586987160.0,0.0,-49.926578607515594,-25.244240104043495,0.4096092338618841,1.0,0.9546770984927814,0.5650619354448281,0.20404191056732088,9.172503420263151,Egypt,2,15.796320161757873
30.0558,31.3661,151.116,1586985720.0,0.0,-49.11745286872357,-30.147375195330557,0.4112763989613707,1.0,0.9991516242424647,0.5826169396401383,0.19604889734522052,9.389813642369058,Egypt,1,14.741167312147088
30.0558,31.3661,151.265,1586985720.0,0.0,-49.11745286872357,-30.147375195330557,0.4112763989613707,1.0,0.9991516242424647,0.5826169396401383,0.19604889734522052,9.389813642369058,Egypt,1,14.741167312147088
30.0558,31.3661,151.265,1586985240.0,0.0,-48.70266107418293,-31.80817742906608,0.4118325169875686,1.0,0.9991516242424647,0.5826169396401383,0.19604889734522052,9.389813642369058,Egypt,1,14.741167312147088
30.0556,31.3661,151.421,1586985120.0,0.0,-48.58583122769032,-32.2238334243865,0.41197157730428774,1.0,0.9991516242424647,0.5826169396401383,0.19604889734522052,9.389813642369058,Egypt,1,14.741167312147088
30.0739,31.4937,217.939,1586900040.0,0.0,-49.9195822350936,-17.526976883048274,0.5130378585655117,1.0,0.90257758051157,0.5380176429636776,0.1898864212470168,8.79300278639258,Egypt,3,16.886706373362806
30.1146,31.6084,219.512,1586911020.0,0.0,-34.159936242360686,16.412228178566366,0.49978178445337285,1.0,0.8101339069505532,0.44465296402340754,0.21984175368973713,8.192503594005926,Egypt,3,16.886706373362806
30.0956,31.6349,242.369,1586906520.0,0.0,-44.92345269763818,3.4118500623038694,0.5052095473001931,1.0,0.6875404806186756,0.4080724227591418,0.22473441714294798,7.6613092072613345,Egypt,3,16.886706373362806
30.1035,31.6339,242.838,1586902980.0,0.0,-49.588089445965984,-7.751843868846966,0.5094844197121455,1.0,0.7236925982559721,0.409036554384511,0.22179542374190836,7.878495025447766,Egypt,3,16.886706373362806
30.1035,31.6339,242.838,1586902980.0,0.0,-49.588089445965984,-7.751843868846966,0.5094844197121455,1.0,0.7236925982559721,0.409036554384511,0.22179542374190836,7.878495025447766,Egypt,3,16.886706373362806
30.1035,31.6339,242.838,1586902980.0,0.0,-49.588089445965984,-7.751843868846966,0.5094844197121455,1.0,0.7236925982559721,0.409036554384511,0.22179542374190836,7.878495025447766,Egypt,3,16.886706373362806
29.9551,31.2757,42.8018,1586901360.0,0.0,-50.34349739903932,-13.288175396714696,0.5114420998138097,1.0,0.9546770984927814,0.5650619354448281,0.20404191056732088,9.172503420263151,Egypt,2,15.796320161757873
29.2243,32.6217,5.79908,1586900760.0,0.0,-51.06376723508633,-13.936075385111938,0.5121673777245092,0.6036441955301497,0.03145839761855314,0.014835445804419579,0.06458062036860307,0.5271377470657519,Egypt,3,16.886706373362806
30.0739,31.4937,217.939,1586900040.0,0.0,-49.9195822350936,-17.526976883048274,0.5130378585655117,1.0,0.90257758051157,0.5380176429636776,0.1898864212470168,8.79300278639258,Egypt,3,16.886706373362806
30.1034,31.6338,212.331,1586817420.0,0.25,-49.23572429352223,4.903682809137709,0.6132720139516716,1.0,0.7240360243245959,0.4109420283115469,0.22355461472495033,7.881622705337049,Egypt,2,15.796320161757873
29.955,31.2757,43.0106,1586814360.0,0.25,-50.634431171551434,-4.751175274029353,0.6169681212411189,1.0,0.9546770984927814,0.5650619354448281,0.20404191056732088,9.172503420263151,Egypt,2,15.796320161757873
24.3831,35.0467,219.198,1581894900.0,0.0,-67.47986647102896,1.8093510207402597,0.39463645381409346,0.013519661811490854,0.011772158835083247,0.008777222475691815,0.006204751567565836,0.11961339293803705,Egypt,6,20.79997557458062
23.4241,53.8478,154.639,1583022600.0,0.25,-32.21980343303588,-50.52987320818128,0.33562621634855805,0.013040914924608337,0.022558615170419218,0.07798537792405114,0.025914611337066164,0.25597357312792607,Iran,4,18.038141875960445
26.2417,50.5034,0.0,1582332540.0,0.25,-32.181920005253275,-21.79347975580912,0.02169326370284591,0.7367620401912265,0.5850461174384691,0.23299077219708125,0.08406992251766496,5.674158256038999,Bahrain,3,16.886706373362806
26.2424,50.5053,0.0,1582331820.0,0.25,-34.863507195073346,-24.35967435631837,0.02192630464393197,0.7494168480237325,0.5864383132061145,0.2315086228245491,0.07975749869122713,5.622180202233435,Bahrain,2,15.796320161757873
26.2558,50.4954,-2.77554,1582331820.0,0.25,-34.871086872025515,-24.37074852309895,0.02192630464393197,0.47309502959251404,0.440373718298603,0.23597705167230743,0.08033243514534358,4.0331990599809115,Bahrain,4,18.038141875960445
26.2558,50.4954,-2.77554,1582331760.0,0.25,-35.09439756647826,-24.585085463020928,0.02194578556038096,0.47309502959251404,0.440373718298603,0.23597705167230743,0.08033243514534358,4.0331990599809115,Bahrain,4,18.038141875960445
26.2558,50.4954,-2.77554,1582331820.0,0.25,-34.871086872025515,-24.37074852309895,0.02192630464393197,0.47309502959251404,0.440373718298603,0.23597705167230743,0.08033243514534358,4.0331990599809115,Bahrain,4,18.038141875960445
26.2558,50.4954,-2.77554,1582331220.0,0.25,-37.10191582513161,-26.51655923537388,0.022121535058511277,0.47309502959251404,0.440373718298603,0.23597705167230743,0.08033243514534358,4.0331990599809115,Bahrain,3,16.886706373362806
26.227,50.508,9.66465,1582331220.0,0.25,-37.094032688175595,-26.50082596507564,0.022121535058511277,1.0,0.694946026658484,0.22602111074302228,0.08262067504789836,6.978848204404533,Bahrain,2,15.796320161757873
26.2417,50.5035,0.0,1582331220.0,0.25,-37.09633805160982,-26.507147720032165,0.022121535058511277,0.7454583181275262,0.5855337501464722,0.23165107204258675,0.079312072773367,5.638843680511824,Bahrain,3,16.886706373362806
26.2558,50.4954,-2.77554,1582331220.0,0.25,-37.10191582513161,-26.51655923537388,0.022121535058511277,0.47309502959251404,0.440373718298603,0.23597705167230743,0.08033243514534358,4.0331990599809115,Bahrain,3,16.886706373362806
35.7236,51.3549,1255.82,1639188360.0,0.0,-17.44580940999534,-62.53926791061142,0.49337224047886713,1.0,0.9709176739056905,0.43914927305304446,0.04652828056471966,8.884788250038907,Iran,2,15.796320161757873
29.3235,47.936,11.4327,1639074000.0,0.5,-57.77887832858211,10.891586665594781,0.3519254340196972,1.0,0.8607355204721292,0.31372333188483026,0.11386303354180806,8.268714566800298,Kuwait,5,19.302134051847233
29.3137,48.0092,33.4006,1639072080.0,0.5,-50.87180531675608,16.72317613769706,0.34958297283668355,1.0,0.908695487305522,0.2819021578965476,0.09504220150896193,8.366834674716479,Kuwait,4,18.038141875960445
38.7104,35.5456,1104.47,1638484500.0,0.0,-67.99230924554155,-52.38321108325774,0.025983101884961335,1.0,0.7312887441366911,0.04897437815088779,0.024122515293614318,7.043293289235069,Turkey,4,18.038141875960445
38.7104,35.5456,1104.41,1638484200.0,0.0,-68.67334065783861,-53.22785050251018,0.02611401613533154,1.0,0.7312887441366911,0.04897437815088779,0.024122515293614318,7.043293289235069,Turkey,3,16.886706373362806
38.7104,35.5456,1104.47,1638578460.0,0.0,-45.88739579839673,-42.748574860456934,0.0011181757812258053,1.0,0.7312887441366911,0.04897437815088779,0.024122515293614318,7.043293289235069,Turkey,4,18.038141875960445
38.7104,35.5456,1106.22,1638484200.0,0.0,-68.67334065783861,-53.22785050251018,0.02611401613533154,1.0,0.7312887441366911,0.04897437815088779,0.024122515293614318,7.043293289235069,Turkey,4,18.038141875960445
38.7104,35.5456,1106.22,1638484200.0,0.0,-68.67334065783861,-53.22785050251018,0.02611401613533154,1.0,0.7312887441366911,0.04897437815088779,0.024122515293614318,7.043293289235069,Turkey,4,18.038141875960445
38.7351,35.5772,1145.38,1638575400.0,0.0,-55.54456939319307,-52.07124247191403,0.0014084264803316815,0.8576735986603631,0.6628984268133838,0.06374040164519101,0.03056534457524928,6.17593763235867,Turkey,3,16.886706373362806
38.7102,35.5338,1097.21,1638484800.0,0.0,-67.2888022675254,-51.538715371594954,0.02585250466419442,1.0,0.7723164757092794,0.05121473101899028,0.025454127254973476,7.251155080239073,Turkey,3,16.886706373362806
38.7107,35.5458,1104.7,1638487140.0,0.0,-60.996593679949015,-44.65208284430067,0.02484474185102481,1.0,0.7297838651885589,0.046359481138642876,0.02416586655890569,7.016291749007287,Turkey,3,16.886706373362806
38.7104,35.5456,1104.47,1638484500.0,0.0,-67.99230924554155,-52.38321108325774,0.025983101884961335,1.0,0.7312887441366911,0.04897437815088779,0.024122515293614318,7.043293289235069,Turkey,4,18.038141875960445
38.7102,35.5338,1097.21,1638484860.0,0.0,-67.14346783088105,-51.36715855782571,0.025826423280585098,1.0,0.7723164757092794,0.05121473101899028,0.025454127254973476,7.251155080239073,Turkey,3,16.886706373362806
38.7104,35.5455,1104.26,1638484980.0,0.0,-66.84262029224799,-51.0145737945996,0.025774298578481403,1.0,0.7312887441366911,0.04897437815088779,0.024122515293614318,7.043293289235069,Turkey,3,16.886706373362806
38.7104,35.5456,1104.47,1638482400.0,0.0,-71.95812303696016,-58.07409243376319,0.026906152442957076,1.0,0.7312887441366911,0.04897437815088779,0.024122515293614318,7.043293289235069,Turkey,3,16.886706373362806
38.7351,35.5772,1145.38,1638571740.0,0.0,-66.06871877469273,-62.57356549957246,0.0018022890505661748,0.8576735986603631,0.6628984268133838,0.06374040164519101,0.03056534457524928,6.17593763235867,Turkey,2,15.796320161757873
38.7104,35.5455,1104.34,1638484200.0,0.0,-68.67339393114113,-53.22792126004755,0.02611401613533154,1.0,0.7312887441366911,0.04897437815088779,0.024122515293614318,7.043293289235069,Turkey,4,18.038141875960445
38.7104,35.5453,1104.05,1638484860.0,0.0,-67.13661909147554,-51.358773031562315,0.025826423280585098,1.0,0.733990362783273,0.048821931681595744,0.023707631517512102,7.075919438516578,Turkey,3,16.886706373362806
38.7104,35.5456,1104.47,1638484800.0,0.0,-67.28182695410837,-51.530127141986966,0.02585250466419442,1.0,0.7312887441366911,0.04897437815088779,0.024122515293614318,7.043293289235069,Turkey,4,18.038141875960445
38.7104,35.5455,1104.26,1638483420.0,0.0,-70.28403083792452,-55.37916875386011,0.026455876058993133,1.0,0.7312887441366911,0.04897437815088779,0.024122515293614318,7.043293289235069,Turkey,4,18.038141875960445
38.7104,35.5456,1104.47,1638484500.0,0.0,-67.99230924554155,-52.38321108325774,0.025983101884961335,1.0,0.7312887441366911,0.04897437815088779,0.024122515293614318,7.043293289235069,Turkey,4,18.038141875960445
38.7104,35.5456,1104.47,1638570900.0,0.0,-68.1597852243967,-64.79170151802218,0.0018998550585864749,1.0,0.7312887441366911,0.04897437815088779,0.024122515293614318,7.043293289235069,Turkey,4,18.038141875960445
38.7104,35.5456,1104.47,1638484980.0,0.0,-66.84256106136219,-51.01450128429233,0.025774298578481403,1.0,0.7312887441366911,0.04897437815088779,0.024122515293614318,7.043293289235069,Turkey,4,18.038141875960445
38.7104,35.5456,1104.47,1638485280.0,0.0,-66.09060886106872,-50.14926488677825,0.025644208900798104,1.0,0.7312887441366911,0.04897437815088779,0.024122515293614318,7.043293289235069,Turkey,3,16.886706373362806
38.7104,35.5456,1104.47,1638485280.0,0.0,-66.09060886106872,-50.14926488677825,0.025644208900798104,1.0,0.7312887441366911,0.04897437815088779,0.024122515293614318,7.043293289235069,Turkey,3,16.886706373362806
38.7104,35.5456,1104.47,1638484500.0,0.0,-67.99230924554155,-52.38321108325774,0.025983101884961335,1.0,0.7312887441366911,0.04897437815088779,0.024122515293614318,7.043293289235069,Turkey,4,18.038141875960445
36.6592,29.1263,14.2902,1638470160.0,0.0,-45.08128562574653,-58.33744471661397,0.032593021741897876,0.9938493371009827,0.3366676534914101,0.051129191651853034,0.03146201594330099,4.205042953415672,Turkey,2,15.796320161757873
30.0739,30.9461,162.868,1637537160.0,0.0,-64.62078458452788,84.00058601616057,0.938657370812647,0.9692047768168979,0.5883853880688548,0.46106523593189197,0.23343461552479614,6.54281895586612,Egypt,4,18.038141875960445
29.9898,30.9558,174.508,1637535840.0,0.0,-69.1026062457567,80.13302020178064,0.9393465290392904,1.0,0.8379216289768616,0.3898446916602552,0.22636881847162538,8.130016444714034,Egypt,3,16.886706373362806
29.9898,30.9558,174.508,1637535840.0,0.0,-69.1026062457567,80.13302020178064,0.9393465290392904,1.0,0.8379216289768616,0.3898446916602552,0.22636881847162538,8.130016444714034,Egypt,3,16.886706373362806
30.0739,30.9461,162.868,1637537160.0,0.0,-64.62078458452788,84.00058601616057,0.938657370812647,0.9692047768168979,0.5883853880688548,0.46106523593189197,0.23343461552479614,6.54281895586612,Egypt,4,18.038141875960445
30.0739,30.9461,162.868,1637191200.0,0.0,-65.20610943353931,50.55835786774606,0.9835929315827483,0.9692047768168979,0.5883853880688548,0.46106523593189197,0.23343461552479614,6.54281895586612,Egypt,3,16.886706373362806
29.9897,30.9558,174.431,1637106420.0,0.75,-59.48556023673582,33.87328910266002,0.9508065158784471,1.0,0.8379216289768616,0.3898446916602552,0.22636881847162538,8.130016444714034,Egypt,3,16.886706373362806
30.0739,30.9461,162.868,1637008980.0,0.0,-72.47840585293935,55.703221650970725,0.8916154243692427,0.9692047768168979,0.5883853880688548,0.46106523593189197,0.23343461552479614,6.54281895586612,Egypt,7,22.939786247174688
30.0739,30.9461,162.868,1636927860.0,0.0,-76.47519377146888,29.748115604312662,0.8255700286469085,0.9692047768168979,0.5883853880688548,0.46106523593189197,0.23343461552479614,6.54281895586612,Egypt,3,16.886706373362806
30.0739,30.9461,162.868,1636927860.0,0.0,-76.47519377146888,29.748115604312662,0.8255700286469085,0.9692047768168979,0.5883853880688548,0.46106523593189197,0.23343461552479614,6.54281895586612,Egypt,3,16.886706373362806
29.9899,30.9557,174.604,1636757700.0,0.0,-69.20977125113815,-3.1196659403686415,0.6446694263892572,1.0,0.8379216289768616,0.3898446916602552,0.22636881847162538,8.130016444714034,Egypt,3,16.886706373362806
29.9923,30.9586,170.023,1636427220.0,0.0,-15.366097337453777,-71.33281760149275,0.2289066842099673,0.9990417758623759,0.8456729702030619,0.38666926444275307,0.22612764907510913,8.161563571470507,Egypt,4,18.038141875960445
31.7759,35.1905,771.839,1634949300.0,0.0,-41.60257362601191,67.55000420085379,0.9439948746120782,1.0,0.8742264578739802,0.31875231872109,0.13081979800966412,8.264584452631441,Israel,1,14.741167312147088
31.7694,35.2091,751.989,1635024900.0,0.25,-69.65892327309257,57.93711430630353,0.9005074013048564,1.0,0.8533465338250001,0.300950896451468,0.1138668846579094,8.206172771948971,Israel,3,16.886706373362806
24.5528,54.4468,3.26682,1634164560.0,0.0,-51.18310072210726,-29.156427236181894,0.5844668117672063,0.615556463599205,0.3444107331432557,0.2585837952065049,0.0582435641309227,3.747053883826175,United Arab Emirates,2,15.796320161757873
24.5854,54.6651,8.75,1634084520.0,0.0,-27.27231217732108,-65.36663161101164,0.4777236506859901,0.7661206788486905,0.6449391286975393,0.32598983852913077,0.09334478064896151,6.635301199186727,United Arab Emirates,2,15.796320161757873
24.5854,54.6651,8.75,1634084520.0,0.0,-27.27231217732108,-65.36663161101164,0.4777236506859901,0.7661206788486905,0.6449391286975393,0.32598983852913077,0.09334478064896151,6.635301199186727,United Arab Emirates,2,15.796320161757873
25.276,55.3859,4.64187,1633984800.0,0.25,-70.15382600409691,-32.281465418511324,0.3446643492189738,1.0,0.9545700748761495,0.3482657663862483,0.07610659308484173,8.725007841904667,United Arab Emirates,1,14.741167312147088
21.774,39.0558,2.48403,1633821600.0,0.0,-55.409979622025766,-77.67543576765729,0.15369002275412352,0.9652141465081109,0.623281709778045,0.27709730677961486,0.07262768171907132,6.281106063318697,Saudi Arabia,2,15.796320161757873
21.774,39.0558,2.48403,1633821600.0,0.0,-55.409979622025766,-77.67543576765729,0.15369002275412352,0.9652141465081109,0.623281709778045,0.27709730677961486,0.07262768171907132,6.281106063318697,Saudi Arabia,2,15.796320161757873
24.551,54.4522,5.67059,1632442260.0,0.0,-28.065629470559173,62.96827429297946,0.9063343895850824,0.7965985867712233,0.36891946836015754,0.2822284379381017,0.05666605036143058,4.109885423954339,United Arab Emirates,1,14.741167312147088
24.5509,54.452,6.68791,1632178260.0,0.0,-44.66581834850467,44.15907695382874,0.9981370231408084,0.7965985867712233,0.36891946836015754,0.2822284379381017,0.05666605036143058,4.109885423954339,United Arab Emirates,2,15.796320161757873
23.6337,58.5044,21.3639,1631231820.0,0.0,-26.330718226090386,-62.29817547078115,0.10327425814157964,0.9009416169590421,0.4823937166491911,0.166029694232202,0.041029503728592924,5.122929537011642,Oman,3,16.886706373362806
25.2565,51.4972,11.6233,1628814420.0,0.0,-21.65111404021015,-66.98815318996836,0.2159477378806658,1.0,0.9887481609980265,0.3476046505889826,0.029861376802970577,8.85383939764302,Qatar,2,15.796320161757873
25.2565,51.4972,11.6233,1628814420.0,0.0,-21.65111404021015,-66.98815318996836,0.2159477378806658,1.0,0.9887481609980265,0.3476046505889826,0.029861376802970577,8.85383939764302,Qatar,2,15.796320161757873
32.0044,35.8801,1007.95,1628809860.0,0.0,-38.57252957118748,-48.891928547117416,0.21096828086742675,1.0,0.9563727974891663,0.3489150833542226,0.11624545321634892,8.729055888165218,Jordan,3,16.886706373362806
25.361,51.5245,0.315804,1625963280.0,0.5,-17.082112794451074,-23.815329391369914,0.00975962070435138,0.9518543481826782,0.8072540397445361,0.3343875757465867,0.03224466203027987,7.817851310021396,Qatar,1,14.741167312147088
31.86,35.8809,875.927,1625876880.0,0.0,-22.897395332376675,-19.717515974690407,0.0010068040178828341,0.8012011051177979,0.8312113866209984,0.2937617086863611,0.1279117729907739,7.810136730314296,Jordan,3,16.886706373362806
26.2172,50.1971,8.91109,1618880580.0,0.0,-15.62727116348514,-32.71699206268304,0.4906407356960304,1.0,0.7435770887881518,0.3107666115349275,0.06988162062043557,7.642404874291404,Saudi Arabia,1,14.741167312147088
26.2904,50.1115,46.1617,1619652720.0,0.25,-31.26261730792972,40.547877574696656,0.9528260053249666,1.0,0.9676429897546768,0.3338296678026381,0.062034440392259665,8.6650330029516,Saudi Arabia,1,14.741167312147088
25.3329,49.5911,159.741,1619484900.0,0.25,-16.63460130124808,18.12808059087441,0.9991806097724966,1.0,0.849616763740778,0.14012789128610165,0.06390185279645569,7.890837260431657,Saudi Arabia,1,14.741167312147088
26.2904,50.1115,46.1716,1619484960.0,0.25,-15.606570411722249,17.138010885348375,0.9991828126661235,1.0,0.9676429897546768,0.3338296678026381,0.062034440392259665,8.6650330029516,Saudi Arabia,1,14.741167312147088
25.3329,49.5911,159.741,1619484900.0,0.25,-16.63460130124808,18.12808059087441,0.9991806097724966,1.0,0.849616763740778,0.14012789128610165,0.06390185279645569,7.890837260431657,Saudi Arabia,1,14.741167312147088
26.2863,50.1164,42.446,1619137920.0,0.25,-21.33137142783218,-8.958398355655891,0.7894205050828558,0.9997247854868571,0.9631852199633916,0.33716076175878695,0.06019897188380128,8.635153173153999,Saudi Arabia,2,15.796320161757873
26.2904,50.1115,46.1761,1618961100.0,0.25,-34.55087310347226,-11.206652739452373,0.5871959237535407,1.0,0.9676429897546768,0.3338296678026381,0.062034440392259665,8.6650330029516,Saudi Arabia,1,14.741167312147088
26.2903,50.1114,46.1059,1618611000.0,0.25,-47.32518346234227,-31.12765630751043,0.2018853106063795,1.0,0.9670980225006739,0.331748723412602,0.06219980384000034,8.656117687367011,Saudi Arabia,1,14.741167312147088
31.9048,34.8002,40.2821,1618534800.0,0.0,-26.675996424582493,-36.04534007144155,0.13871719528932996,1.0,0.9134950719773769,0.36956602679165373,0.09884513986908132,8.525238492999588,Israel,2,15.796320161757873
26.2911,50.1115,47.4384,1618361640.0,0.25,-18.96135012609731,-32.85535874304217,0.036983510374014594,1.0,0.9697325825691223,0.3334669633411977,0.061257155583249796,8.6763771645075,Saudi Arabia,1,14.741167312147088
32.0832,34.8614,45.203,1618260780.0,0.25,-47.42191262276427,-43.76626757329465,0.00767227303457052,1.0,0.9665078776578109,0.4067045990967017,0.08883766419336704,8.780484687083284,Israel,1,14.741167312147088
26.2911,50.1115,47.4384,1618189380.0,0.25,-17.5553820159487,-21.101514383498273,0.0013373395254643872,1.0,0.9697325825691223,0.3334669633411977,0.061257155583249796,8.6763771645075,Saudi Arabia,2,15.796320161757873
32.0832,34.8614,45.272,1618184880.0,0.25,-39.45313008748639,-43.49128808963856,0.0013510835228922047,1.0,0.9665078776578109,0.4067045990967017,0.08883766419336704,8.780484687083284,Israel,1,14.741167312147088
31.7971,35.1376,709.671,1618182660.0,0.25,-44.27816836326543,-48.428529608979744,0.00137612143024618,0.9205715126461453,0.7293274534245332,0.36099589615078004,0.11129276172432583,7.1758248383600325,Israel,1,14.741167312147088
26.2911,50.1115,47.4384,1618100040.0,0.25,-27.94961905136774,-25.484983707726236,0.010987131940729589,1.0,0.9697325825691223,0.3334669633411977,0.061257155583249796,8.6763771645075,Saudi Arabia,2,15.796320161757873
26.2911,50.1115,47.4384,1618009920.0,0.25,-40.05217879242925,-32.37014284207643,0.04107584875569331,1.0,0.9697325825691223,0.3334669633411977,0.061257155583249796,8.6763771645075,Saudi Arabia,1,14.741167312147088
26.2911,50.1115,47.4384,1618009920.0,0.25,-40.05217879242925,-32.37014284207643,0.04107584875569331,1.0,0.9697325825691223,0.3334669633411977,0.061257155583249796,8.6763771645075,Saudi Arabia,1,14.741167312147088
26.2911,50.1115,47.4384,1617926940.0,0.0,-29.49714950716438,-12.629025782447856,0.08701835616741743,1.0,0.9697325825691223,0.3334669633411977,0.061257155583249796,8.6763771645075,Saudi Arabia,1,14.741167312147088
26.3312,50.209,7.63972,1617750600.0,0.0,-41.24435410418091,-8.284976338680679,0.23983854636097418,1.0,0.7932547863572836,0.3229595002369024,0.04694107281951195,7.925693566273894,Saudi Arabia,6,20.79997557458062
31.9561,35.122,534.031,1617758640.0,0.25,-24.60138722817802,3.888098331374288,0.23138306804913183,0.5867826475037469,0.5544902491072814,0.46037856718357945,0.11272114979947219,5.907443632331388,Israel,2,15.796320161757873
26.2888,50.1149,44.9531,1617755880.0,0.0,-24.082722525500273,9.374586327591405,0.23427130189552764,0.9999309513303969,0.964736204346021,0.3355106630591763,0.06254683282313636,8.64617917767561,Saudi Arabia,2,15.796320161757873
27.9839,45.541,405.845,1617667860.0,0.0,-32.76046222711492,8.27521184822724,0.33366583867492217,1.0,0.4356058683556815,0.0211014840984717,0.029316543593692283,5.71032785497667,Saudi Arabia,1,14.741167312147088
26.4182,50.0873,10.3157,1616800200.0,0.0,-44.77195452975316,35.21046506572194,0.9544614589645214,1.0,0.9691251436869304,0.3059041863292805,0.06927563490486742,8.715231464443074,Saudi Arabia,1,14.741167312147088
26.3311,50.209,7.46995,1617577800.0,0.0,-41.8724964792044,10.933833319402892,0.4467922477259259,1.0,0.7932547863572836,0.3229595002369024,0.04694107281951195,7.925693566273894,Saudi Arabia,7,22.939786247174688
26.2911,50.1115,47.4384,1617583140.0,0.0,-24.402720550029983,25.39466019707207,0.43986242671681997,1.0,0.9697325825691223,0.3334669633411977,0.061257155583249796,8.6763771645075,Saudi Arabia,2,15.796320161757873
31.7116,35.0936,721.192,1617493920.0,0.0,-41.74416359462301,13.879620995162126,0.5573314943792742,0.7413160370455848,0.5363920905937751,0.37635984081425705,0.12751809142234075,5.124967478848427,Israel,3,16.886706373362806
26.2904,50.1115,46.1761,1617486480.0,0.25,-54.529050026056815,6.796669051258214,0.5671798969946531,1.0,0.9676429897546768,0.3338296678026381,0.062034440392259665,8.6650330029516,Saudi Arabia,1,14.741167312147088
26.3311,50.2091,7.37318,1617325680.0,0.0,-18.904684063962307,41.50831492422552,0.7696951416579958,1.0,0.7932547863572836,0.3229595002369024,0.04694107281951195,7.925693566273894,Saudi Arabia,7,22.939786247174688
31.8004,34.7525,66.382,1617234780.0,0.25,-42.785732889793,40.09753947390517,0.8649910903968214,0.9483727945221795,0.81288113022844,0.3323883464185201,0.0986997482177685,7.5186779140569255,Israel,1,14.741167312147088
26.2911,50.1115,47.4384,1617231300.0,0.25,-45.90837932683761,45.9249590596226,0.8682272732835861,1.0,0.9697325825691223,0.3334669633411977,0.061257155583249796,8.6763771645075,Saudi Arabia,1,14.741167312147088
26.2821,50.1,30.3895,1617148800.0,0.0,-33.8581103034199,47.05089921640053,0.934397469422227,0.9726332094934251,0.9478568971157074,0.321295272822681,0.061733939175367895,8.519890716798,Saudi Arabia,1,14.741167312147088
26.3311,50.2089,7.97221,1616980080.0,0.0,-19.93390944498364,25.392682137196765,0.9977424642889181,1.0,0.7932547863572836,0.3229595002369024,0.04694107281951195,7.925693566273894,Saudi Arabia,6,20.79997557458062
41.0082,28.9784,30.6652,1616969700.0,0.0,-45.76360607487206,49.237716272184684,0.9982807281981168,0.8815763725174798,0.7084533354151062,0.2459453705465421,0.03053373748261947,6.189594790595519,Turkey,2,15.796320161757873
41.0082,28.9784,30.6652,1616962140.0,0.25,-37.96359576920223,40.30676664395192,0.998427883338578,0.8815763725174798,0.7084533354151062,0.2459453705465421,0.03053373748261947,6.189594790595519,Turkey,2,15.796320161757873
41.0082,28.9784,30.6652,1616962140.0,0.25,-37.96359576920223,40.30676664395192,0.998427883338578,0.8815763725174798,0.7084533354151062,0.2459453705465421,0.03053373748261947,6.189594790595519,Turkey,2,15.796320161757873
41.0082,28.9784,30.6652,1616962140.0,0.25,-37.96359576920223,40.30676664395192,0.998427883338578,0.8815763725174798,0.7084533354151062,0.2459453705465421,0.03053373748261947,6.189594790595519,Turkey,2,15.796320161757873
26.3311,50.2091,7.28152,1616895840.0,0.25,-12.288862284349682,9.786055483667294,0.991032218999229,1.0,0.7932547863572836,0.3229595002369024,0.04694107281951195,7.925693566273894,Saudi Arabia,5,19.302134051847233
41.0082,28.9784,30.6652,1616882340.0,0.0,-46.10559761859729,54.963424317584156,0.9876627685327555,0.8815763725174798,0.7084533354151062,0.2459453705465421,0.03053373748261947,6.189594790595519,Turkey,2,15.796320161757873
26.3311,50.2091,7.35815,1616808960.0,0.0,-14.306214272533508,3.4071785934581085,0.9589937628562529,1.0,0.7932547863572836,0.3229595002369024,0.04694107281951195,7.925693566273894,Saudi Arabia,6,20.79997557458062
31.6758,34.9375,300.653,1616721720.0,0.0,-28.85433139923437,12.460663816513081,0.9043880955201355,0.49258171187506783,0.2209107815598448,0.40082795791422543,0.08259828629137095,2.5090014362976154,Israel,3,16.886706373362806
26.3311,50.2088,7.9037,1616717160.0,0.0,-33.94095715430579,14.118120234170213,0.9009930489263934,1.0,0.7932547863572836,0.3229595002369024,0.04694107281951195,7.925693566273894,Saudi Arabia,7,22.939786247174688
41.0082,28.9784,30.6652,1616611740.0,0.25,-27.520785252608192,70.34199590692921,0.8102004673567416,0.8815763725174798,0.7084533354151062,0.2459453705465421,0.03053373748261947,6.189594790595519,Turkey,3,16.886706373362806
32.8978,59.217,1500.05,1614648720.0,0.0,-13.162459523186712,34.75479833802376,0.9074995195373109,0.8642842438485887,0.35799807974447806,0.012641492846887559,0.010675046135050555,4.370512404022062,Iran,4,18.038141875960445
29.2034,48.1045,11.4074,1613082060.0,0.0,-66.1747884655121,-71.85805446685478,0.0025690475235988774,1.0,0.7299685781511168,0.30036335609911474,0.07384385959570257,7.338097268819203,Kuwait,3,16.886706373362806
29.2034,48.1045,11.4074,1613075700.0,0.0,-73.3972581106924,-74.3676748825084,0.0021257943116038125,1.0,0.7299685781511168,0.30036335609911474,0.07384385959570257,7.338097268819203,Kuwait,3,16.886706373362806
30.0295,31.4378,234.368,1612907580.0,0.0,-74.0309965977514,-73.52196667189851,0.03500946217155554,1.0,0.9322323287526767,0.5335469553479925,0.21513575492038703,9.032355546600813,Egypt,3,16.886706373362806
26.278,50.5938,-0.163118,1612737000.0,0.5,-64.63998958543804,-24.577871190176506,0.1583272632194856,0.9304884937074449,0.5578457552551602,0.18592421443318016,0.09067946365345657,5.438320556918142,Bahrain,2,15.796320161757873
26.2121,50.5254,5.0,1610839500.0,0.25,-53.81804636405322,-72.47760997974771,0.16212611919509767,1.0,0.8196749955415725,0.1971976756602089,0.092487729495042,7.871530696640963,Bahrain,4,18.038141875960445
26.1762,50.5154,5.31721,1610755560.0,0.75,-44.61557609106746,-74.52977496126404,0.09675366799694801,1.0,0.900095566858848,0.19528872522823804,0.08597438858196256,8.173950231755079,Bahrain,1,14.741167312147088
26.1762,50.5154,5.31721,1610755560.0,0.75,-44.61557609106746,-74.52977496126404,0.09675366799694801,1.0,0.900095566858848,0.19528872522823804,0.08597438858196256,8.173950231755079,Bahrain,1,14.741167312147088
26.2558,50.4954,-2.77554,1610755320.0,0.5,-45.53394150273509,-75.12487122487701,0.09658570358107821,0.47309502959251404,0.440373718298603,0.23597705167230743,0.08033243514534358,4.0331990599809115,Bahrain,1,14.741167312147088
30.0861,31.6252,254.456,1610583060.0,0.25,-59.97293918795965,-71.32510861654276,0.011400983342867599,0.9960675636927286,0.6346947640801469,0.39883558158762755,0.21339487266886864,6.858032571584832,Egypt,3,16.886706373362806
30.0861,31.6252,254.456,1610583060.0,0.25,-59.97293918795965,-71.32510861654276,0.011400983342867599,0.9960675636927286,0.6346947640801469,0.39883558158762755,0.21339487266886864,6.858032571584832,Egypt,3,16.886706373362806
30.0861,31.6252,254.456,1610583060.0,0.25,-59.97293918795965,-71.32510861654276,0.011400983342867599,0.9960675636927286,0.6346947640801469,0.39883558158762755,0.21339487266886864,6.858032571584832,Egypt,3,16.886706373362806
29.882,31.297,28.5966,1610570220.0,0.5,-68.64779183267478,-59.63935139597325,0.008292619467296591,1.0,0.8890770299981038,0.4569434799486771,0.22490174339109217,8.697419101604785,Egypt,4,18.038141875960445
26.2712,50.6014,0.0,1609976400.0,0.0,-49.95080261486291,29.173534309668106,0.4238616150741115,0.9999309513303969,0.6132115056660647,0.18971669150778325,0.09841246999276336,6.218859469468376,Bahrain,3,16.886706373362806
26.2712,50.6014,0.0,1609708860.0,0.25,-80.63109006356811,40.76319092587189,0.7678260577267431,0.9999309513303969,0.6132115056660647,0.18971669150778325,0.09841246999276336,6.218859469468376,Bahrain,3,16.886706373362806
40.9971,29.0425,12.1538,1609624020.0,0.0,-71.30862798283447,38.64321602251887,0.8533715911523638,1.0,0.7370062720243974,0.23040562392416178,0.02469886511898949,7.468033754803122,Turkey,1,14.741167312147088
40.9971,29.0425,12.1538,1609624020.0,0.0,-71.30862798283447,38.64321602251887,0.8533715911523638,1.0,0.7370062720243974,0.23040562392416178,0.02469886511898949,7.468033754803122,Turkey,1,14.741167312147088
40.9971,29.0425,12.1538,1609624020.0,0.0,-71.30862798283447,38.64321602251887,0.8533715911523638,1.0,0.7370062720243974,0.23040562392416178,0.02469886511898949,7.468033754803122,Turkey,1,14.741167312147088
25.0902,55.3782,29.291,1672430760.0,0.0,-85.97660062060551,12.11469598353607,0.5758143755669625,1.0,0.762409100557367,0.38410286763173646,0.08805027743170891,7.680054832907577,United Arab Emirates,6,20.79997557458062
29.1564,47.79,69.1517,1672358580.0,0.0,-46.89473284970057,-42.309765208214614,0.48346802650502413,0.7357605894406637,0.5619059675683578,0.3376653362662182,0.0645909747191278,5.892876366957631,Kuwait,2,15.796320161757873
23.6473,58.1458,20.7689,1663977660.0,0.25,-27.176694770126343,-3.5024103887885794,0.043029745668452024,0.9917819698651632,0.7981325877209504,0.1529331724115764,0.04003343401806584,7.534802149558482,Oman,4,18.038141875960445
23.6473,58.1458,20.7689,1663977660.0,0.25,-27.176694770126343,-3.5024103887885794,0.043029745668452024,0.9917819698651632,0.7981325877209504,0.1529331724115764,0.04003343401806584,7.534802149558482,Oman,4,18.038141875960445
26.1791,50.5545,4.80614,1662251760.0,0.0,-23.158349022228705,-60.87640300500083,0.5448682796504278,1.0,0.9452804043889046,0.18263086501574435,0.10367863271264165,8.2292936389909,Bahrain,1,14.741167312147088
26.2335,50.5938,3.48868,1661994000.0,0.25,-17.686774373390634,-71.16772440390135,0.21912997066814227,0.9974144299825033,0.8173993187956512,0.17242360581149113,0.09975231583982046,7.633188741940833,Bahrain,2,15.796320161757873
26.2129,50.6034,3.29272,1661973540.0,0.5,-50.22845771745976,-23.45752547015983,0.19771154438522026,1.0,0.8567151399950187,0.16536356864889967,0.09289352084233542,7.76893322952483,Bahrain,2,15.796320161757873
26.2129,50.6034,3.29272,1661973540.0,0.5,-50.22845771745976,-23.45752547015983,0.19771154438522026,1.0,0.8567151399950187,0.16536356864889967,0.09289352084233542,7.76893322952483,Bahrain,2,15.796320161757873
26.2129,50.6034,3.29272,1661973540.0,0.5,-50.22845771745976,-23.45752547015983,0.19771154438522026,1.0,0.8567151399950187,0.16536356864889967,0.09289352084233542,7.76893322952483,Bahrain,2,15.796320161757873
26.1166,50.5028,28.1297,1661905800.0,0.0,-23.933787110411018,-63.97942475000062,0.13391838823059166,1.0,0.8398477792739868,0.20631367635105563,0.10031877356135131,7.914836199323236,Bahrain,2,15.796320161757873
26.103,50.5053,28.9412,1661891160.0,0.0,-54.835460403104896,-45.07675595175386,0.12166357329656796,1.0,0.8207347956175606,0.2021620297258778,0.10466441264288733,7.852470495502528,Bahrain,2,15.796320161757873
26.2125,50.5823,3.87963,1661890500.0,0.25,-54.39600714463367,-42.826645675860554,0.12112446568114132,1.0,0.8834922431657711,0.1802456669844105,0.0962192271319509,7.949489775870413,Bahrain,2,15.796320161757873
26.1166,50.5028,28.1297,1661900400.0,0.0,-41.040727887637985,-69.25869851191257,0.12933240896048254,1.0,0.8398477792739868,0.20631367635105563,0.10031877356135131,7.914836199323236,Bahrain,1,14.741167312147088
33.918,35.6428,666.537,1655679600.0,0.5,-29.522370772110886,19.243372517153386,0.6399006727589074,0.9915863143073188,0.8121357729968925,0.2509718405908643,0.050987961224018365,7.884730700759863,Lebanon,3,16.886706373362806
33.918,35.6428,666.537,1655683200.0,0.5,-23.6031768096815,29.28873344559485,0.6353983824777398,0.9915863143073188,0.8121357729968925,0.2509718405908643,0.050987961224018365,7.884730700759863,Lebanon,2,15.796320161757873
32.2762,34.8447,32.2825,1652401800.0,0.25,-24.758297657316653,6.295250446918707,0.876319628057401,0.9663742846912808,0.543406325345859,0.3147590447933908,0.13021622945161654,5.789194489011079,Israel,2,15.796320161757873
33.9248,35.6337,463.872,1653005400.0,0.0,-24.698963107014173,27.685760161783005,0.8087213319744161,1.0,0.7924782679416239,0.22504720632459793,0.047545508573239206,7.7545148704659494,Lebanon,2,15.796320161757873
26.2414,50.5027,2.24997,1651188660.0,0.0,-31.250629130362146,-23.130712504422576,0.03201510610369246,0.7367620401912265,0.5877802837174386,0.2336109117972228,0.08412914750394217,5.686136880442873,Bahrain,2,15.796320161757873
26.2414,50.5027,2.24997,1651188660.0,0.0,-31.250629130362146,-23.130712504422576,0.03201510610369246,0.7367620401912265,0.5877802837174386,0.2336109117972228,0.08412914750394217,5.686136880442873,Bahrain,2,15.796320161757873
26.2414,50.5027,2.24997,1651188660.0,0.0,-31.250629130362146,-23.130712504422576,0.03201510610369246,0.7367620401912265,0.5877802837174386,0.2336109117972228,0.08412914750394217,5.686136880442873,Bahrain,2,15.796320161757873
32.614,44.0238,29.3675,1648159740.0,0.0,-53.16738287612687,-0.32870594124874414,0.5340571841466523,1.0,0.7469326685493191,0.13145558941032504,0.093630003135695,7.533704886691829,Iraq,2,15.796320161757873
32.614,44.0238,29.3675,1648159740.0,0.0,-53.16738287612687,-0.32870594124874414,0.5340571841466523,1.0,0.7469326685493191,0.13145558941032504,0.093630003135695,7.533704886691829,Iraq,2,15.796320161757873
31.774,35.2101,780.294,1648086300.0,0.5,-24.684448719222004,31.782469141796415,0.6333501195520974,1.0,0.8818221802512805,0.3020553926962748,0.1143258512907778,8.274028930987749,Israel,2,15.796320161757873
31.774,35.2101,780.294,1648086180.0,0.25,-25.088338111700256,31.679469245844714,0.6335089064937243,1.0,0.8818221802512805,0.3020553926962748,0.1143258512907778,8.274028930987749,Israel,2,15.796320161757873
39.9891,32.8575,941.066,1645578180.0,0.75,-40.117461647118795,25.23476934041414,0.5950643772291292,1.0,0.8756308746834596,0.20806660140806343,0.01703104193584295,8.13734392826781,Turkey,1,14.741167312147088
39.9902,32.8573,943.894,1645570260.0,0.25,-58.20290702628875,8.476611022685415,0.6055804272077536,1.0,0.877390559266011,0.20998220813053195,0.015852848682455564,8.144657211619075,Turkey,1,14.741167312147088
33.30001064226175,44.32969042346224,33.99,1703532480.0,0.0,-66.94155541144946,79.64056966764437,0.9867711047375234,1.0,0.9861064513524374,0.5047034711460583,0.07021418831015278,9.202287120975225,Iraq,1,14.741167312147088
30.0252895,31.4390671,246.28,1701630540.0,0.0,-54.39670302386131,-14.771841536896964,0.6319166940288061,1.0,0.908334381878376,0.5288150560576469,0.21398042002159248,8.95410115266974,Egypt,3,16.886706373362806
29.301807460371784,47.99059261620675,31.72,1701023760.0,0.25,-61.738342866341895,67.95403252102282,0.9969355942855447,1.0,0.9578830649455389,0.28321829298292867,0.09182911730288955,8.504684845256854,Kuwait,5,19.302134051847233
38.710428842148914,35.54555654525757,1104.43,1700235900.0,0.25,-15.854602609460521,14.920719673714132,0.19968324669204024,1.0,0.7312887441366911,0.04897437815088779,0.024122515293614318,7.043293289235069,Turkey,1,14.741167312147088
22.62724676708159,27.218312008280144,413.0,1700075040.0,0.0,-49.63153996633414,-24.739089361013882,0.06286890122341893,0.014516576814154783,0.014670194887245695,0.014574910735245795,0.014392105350270867,0.15424837889712256,Egypt,7,22.939786247174688
29.106241337282498,53.90995349543458,1932.54,1693001760.0,0.0,-42.24671039421198,-20.310835582084486,0.6809117508083209,0.009866356539229551,0.03888081395222495,0.025841271237004547,0.02816361466733118,0.25238656581385926,Iran,6,20.79997557458062
38.710428842148914,35.54555654525757,1104.43,1699291920.0,0.25,-35.113770527474735,-34.208192147684,0.3740885135283859,1.0,0.7312887441366911,0.04897437815088779,0.024122515293614318,7.043293289235069,Turkey,2,15.796320161757873
38.7181375,35.5557522,1097.21,1699290900.0,0.25,-31.82253948679591,-34.767088633668386,0.3751591915032354,0.9568711651696099,0.7159929171825449,0.04545682863681577,0.02801738650596235,6.756624143282758,Turkey,4,18.038141875960445
36.845989818964576,49.76318257135118,1947.48,1691965560.0,0.0,-33.39273689269983,-10.676347325426695,0.05480262779190842,0.003841839006377591,0.003918498871886792,0.027108763330761575,0.033849077814860115,0.09374318295666348,Iran,6,20.79997557458062
38.71005569849783,35.5511171565484,1098.54,1699292580.0,0.25,-37.24082000452405,-33.701404994559994,0.373396055971866,1.0,0.7102128320063154,0.04555497134570032,0.02604284535239761,6.8489623865301965,Turkey,4,18.038141875960445
38.71012435074266,35.5515239259925,1099.08,1699292460.0,0.25,-36.85601704664928,-33.80121196259161,0.3735219377592174,0.9980919692251418,0.6994428067778548,0.045332587196025995,0.02579092105346111,6.782979460307579,Turkey,2,15.796320161757873
38.67829406072204,35.57015218165249,1287.57,1699291800.0,0.25,-34.74984755525686,-34.31560464226648,0.3742144431959703,0.8715735938813951,0.5487425649538636,0.08457466724212281,0.02529077476259166,5.097591264222824,Turkey,4,18.038141875960445
33.517042705010866,59.74826736576981,1434.0,1696970040.0,0.0,-61.12141145773778,-22.602766842577882,0.13906759022480508,0.10110773570421669,0.01459024374683698,0.011614895943785087,0.022433893623140952,0.18564632486388327,Iran,6,20.79997557458062
31.76177187115903,35.17765912387404,764.35,1698610560.0,0.75,-66.02465423516502,60.124598133253855,0.9848829703765493,0.9997244543499417,0.8567945465445519,0.3366437058106385,0.12458737581133998,8.061942891025218,Israel,1,14.741167312147088
34.765432780699946,52.176975613862304,1035.48,1692478260.0,0.0,-42.31282271955093,-44.12568097669609,0.107108870539038,0.011139077858792411,0.009909585599477093,0.013310661015566438,0.06260481255400616,0.1448527950948798,Iran,6,20.79997557458062
27.9164912,34.3261165,13.26,1682022480.0,0.0,-46.68346696798194,-39.092861810296064,0.00797855305476447,0.8737065196037292,0.29589552462954694,0.009031445168875506,0.009183280549283761,3.462059044226763,Egypt,1,14.741167312147088
27.9158692,34.3261177,8.38,1681939320.0,0.0,-50.59738795551036,-52.46658951719447,0.00036232665394253516,0.8737065196037292,0.29589552462954694,0.009031445168875506,0.009183280549283761,3.462059044226763,Egypt,1,14.741167312147088
27.9164256,34.3251619,10.83,1681775520.0,0.0,-40.447517603859694,-31.31370829234105,0.05312380963258018,0.8799771004252963,0.3014272684318712,0.009080575693951686,0.009131258888131318,3.619270331425355,Egypt,2,15.796320161757873
32.798312,34.9722763,219.04,1680640200.0,0.0,-47.731911299359204,60.086575253043044,0.979730649507118,1.0,0.46512522584525867,0.20411305206798716,0.10216209984040082,5.82139829091947,Israel,2,15.796320161757873
31.7860483,35.2102173,811.01,1680555120.0,0.25,-50.969293499756624,64.86278897665895,0.9439408025812055,1.0,0.9153804684678714,0.3121327419019508,0.11687876798847961,8.370703746412964,Israel,3,16.886706373362806
31.73989949508778,35.221709303608215,788.5,1680556140.0,0.0,-52.076376752664636,63.06285902827965,0.9444646453754435,1.0,0.793640438405176,0.29035306494115504,0.11608496984481462,7.9184538210956,Israel,3,16.886706373362806
31.78255391437334,35.208015537347045,782.62,1680565200.0,0.0,-43.5650399502696,36.55239738439611,0.9490210725157915,1.0,0.905730627477169,0.3058911902418913,0.12073814217267985,8.351358033391344,Israel,3,16.886706373362806
32.3897965,57.4773128,1228.48,1712096940.0,0.0,-40.55179035558853,-0.5346370669952658,0.3930524176732417,0.009421287104487419,0.009978073897461097,0.010574940405786038,0.011736170152047028,0.10516693019654481,Iran,6,20.79997557458062
30.0495224,31.2613322,21.49,1735490820.0,0.0,-21.568084637133683,-37.95622930383628,0.020472157826863624,1.0,0.9994389235973358,0.6334623320610262,0.20992525015293115,9.536725466945713,Egypt,2,15.796320161757873
29.9729497,35.0623745,116.57,1733254500.0,0.0,-63.089898804696766,-37.30073182687206,0.06553022330116609,0.31644652204381096,0.04381902402577301,0.01787457983009517,0.027507969047534667,0.3350277865606054,Israel,2,15.796320161757873
36.8608437,30.9788158,0.53,1733081280.0,0.0,-56.73703843902539,-55.45336509919069,0.004212165347248886,0.6448208159870572,0.3305109489519964,0.12124464308326424,0.01818385574054749,3.1652318471599976,Turkey,4,18.038141875960445
38.4161819,35.3267613,1082.94,1732122600.0,0.0,-32.49829517423278,-12.363098653267842,0.7321966639262913,0.010835947882797983,0.01603091285408785,0.0532834060722962,0.0375592704784746,0.20301902781574774,Turkey,5,19.302134051847233
38.71030662755155,35.54528722124867,1104.22,1732122000.0,0.0,-30.719595969035396,-13.303739670309035,0.7328333204422574,1.0,0.733990362783273,0.048821931681595744,0.023707631517512102,7.075919438516578,Turkey,4,18.038141875960445
38.6898521,35.5551492,1152.37,1732122240.0,0.0,-31.507223117209126,-12.810418476702713,0.7325787023472241,1.0,0.6529339268027494,0.06171880448819138,0.03389728826684101,6.317495840146759,Turkey,4,18.038141875960445
38.6898548,35.5551493,0.0,1732122240.0,0.0,-31.507223245215897,-12.810416451393825,0.7325787023472241,1.0,0.6529339268027494,0.06171880448819138,0.03389728826684101,6.317495840146759,Turkey,3,16.886706373362806
38.7104129,35.54556730000001,1104.47,1732122300.0,0.0,-31.695229846270795,-12.673642897112256,0.7325150385472972,1.0,0.7312887441366911,0.04897437815088779,0.024122515293614318,7.043293289235069,Turkey,5,19.302134051847233
38.6425225,34.8292878,1105.39,1725912000.0,0.25,-40.73957242945069,-11.402502677228647,0.3707742614392317,0.41984983947541976,0.16709985838582117,0.04078598420019262,0.046205780981108543,1.4236442045471975,Turkey,1,14.741167312147088
41.0961924,28.7624736,82.84,1725558600.0,0.0,-15.004306666747329,-3.2201011261851495,0.06587647758989107,0.8859093056784736,0.6663195207094152,0.18076107956730994,0.02644135316950269,6.303485033148286,Turkey,3,16.886706373362806
29.9690761,35.0608817,116.49,1722537840.0,0.0,-25.06752217348708,-30.319659474970553,0.07086588147404532,0.41945014231734806,0.04430755296101173,0.01722525283694267,0.02574739105499854,0.29267047851331,Israel,3,16.886706373362806
29.9730615,35.0622378,117.43,1722021840.0,0.0,-29.954103985365823,-8.348598461918604,0.6594999041934402,0.31644652204381096,0.04381902402577301,0.01787457983009517,0.027507969047534667,0.3350277865606054,Israel,3,16.886706373362806
37.0049692,49.6088014,107.19,1718489280.0,0.0,-26.383303226136345,-6.083883028969846,0.6618861631497351,0.011063524056226015,0.02899760003007638,0.06222654959201464,0.012810956652053089,0.44741112451163867,Iran,5,19.302134051847233
26.688869,55.93438579999999,3.16,1715558100.0,0.0,-19.809221178234207,-35.82691411035372,0.26620636499674266,0.20206159834439555,0.05654334120384495,0.09890964816659106,0.05694484350266672,0.6137857266787312,Iran,5,19.302134051847233
33.8937913,35.5017767,38.36,1717697880.0,0.0,-16.207515521998914,-9.619769736683716,0.0033188201895440472,1.0,0.5135905946697069,0.21612955241507734,0.0693089322790911,5.847521136386855,Lebanon,3,16.886706373362806
33.8864511,35.5255761,88.85,1717698960.0,0.0,-18.89011525238972,-12.190452644707056,0.0034396238366083964,1.0,0.6432852105780815,0.24248602397528884,0.05801008724665735,7.1897739514322065,Lebanon,3,16.886706373362806
33.8868348,35.5256817,85.86,1717697760.0,0.0,-15.921694648304587,-9.347841116605682,0.0033056243647346384,1.0,0.6400870399161552,0.242572776169618,0.06019101718848106,7.127781911284038,Lebanon,3,16.886706373362806
33.8862743,35.525505,90.23,1717698180.0,0.0,-16.9820059279694,-10.360709471622698,0.0033520082574252097,1.0,0.6432852105780815,0.24248602397528884,0.05801008724665735,7.1897739514322065,Lebanon,3,16.886706373362806
33.315241,44.3660671,35.57,1717189080.0,0.0,-34.66296665213105,-17.786826593277418,0.3572004411328983,1.0,0.9999078571796417,0.5150231043691746,0.04610692148053204,9.223590200133556,Iraq,1,14.741167312147088
32.0948464932268,34.779422570308384,10.07,1716662940.0,0.25,-23.184404916512538,-0.29776672405308513,0.947426590123826,0.9655345810784234,0.6073969836560233,0.3748300079845649,0.09599077746242983,6.310009305936224,Israel,1,14.741167312147088
31.78575396900844,35.21093929382817,812.19,1715797140.0,0.0,-20.687799420184252,56.95614188432791,0.5278922825009889,1.0,0.9153804684678714,0.3108933271094429,0.11682265884179893,8.365558731590708,Israel,2,15.796320161757873
24.165339,52.6429689,6.92,1715362260.0,0.0,-30.138327542440262,3.1949046292145447,0.09064200228658625,0.5331625276141696,0.4516330529518503,0.054877023737572014,0.03177190911834866,4.017795754941643,United Arab Emirates,2,15.796320161757873
33.299458,44.33014899999999,34.35,1712595840.0,0.25,-19.928367511008904,-19.453380940227493,1.7465798273885724e-05,1.0,0.9865357180436453,0.5029910480137915,0.07020223163393287,9.200571113966525,Iraq,2,15.796320161757873
33.9248423,35.6338846,466.48,1709242740.0,0.25,-63.61828835046703,15.108223912295388,0.7542156281115918,1.0,0.7924782679416239,0.22504720632459793,0.047545508573239206,7.7545148704659494,Lebanon,1,14.741167312147088
31.6808751,35.0115503,356.98,1708031100.0,0.25,-67.92251832677769,6.713142579085938,0.4097058338190189,0.7144937449031405,0.3457037704065442,0.4164383358132909,0.11390544512881509,3.4708737174068367,Israel,3,16.886706373362806
23.812848129686007,54.94761320150087,111.54,1704478200.0,0.0,-58.85807306571683,-49.98506445398603,0.33963563931172724,0.01342415747543176,0.013499209114039937,0.023444615700282157,0.0960287001170703,0.2185071096669424,United Arab Emirates,6,20.79997557458062
36.1685269,33.5606838,43.34,1765917840.0,0.0,-72.0882663962226,-65.01220010787304,0.09213094880613426,0.26706620843874085,0.006665516827100267,0.005964498741013813,0.020769198767084163,0.11878425111028874,Turkey,3,16.886706373362806
31.796972267824835,35.07657932891449,603.82,1764174720.0,0.0,-24.17903924811217,33.25751651259475,0.3483101439458013,0.7256068719757928,0.5583768943945567,0.4180077153963794,0.11042123312848465,5.153873284253183,Israel,3,16.886706373362806
23.885942,45.079162,946.87,1763237220.0,0.0,-79.753704695008,-48.361906980768175,0.16834537254505766,0.01351148769673374,0.06538752755150198,0.09736950399819762,0.028034214481400945,0.4687234387638912,Saudi Arabia,7,22.939786247174688
18.21405729715751,42.580242206539324,2170.99,1763236920.0,0.0,-77.50336943719176,-53.71296168844867,0.16860318484451525,0.9364592896567451,0.8244001964107156,0.335913388535846,0.12755742909672943,8.1411542046289,Saudi Arabia,6,20.79997557458062
38.713979,35.5655798,1129.38,1761068100.0,0.0,-32.38152495752916,-33.614424831905175,0.0018076129097521765,0.9163134495417277,0.6692316201825936,0.05545649966225028,0.030882933600999727,6.431083666643252,Turkey,3,16.886706373362806
38.7100095,35.5425399,1104.37,1761069000.0,0.0,-35.202750839193975,-36.43964639952582,0.0018718870573062318,1.0,0.7358400284002224,0.048549741029273716,0.02387596676320148,7.071471462089095,Turkey,3,16.886706373362806
38.7103904,35.5452379,1104.15,1761067800.0,0.0,-31.413519229712815,-32.64792318251073,0.001786621761868612,1.0,0.733990362783273,0.048821931681595744,0.023707631517512102,7.075919438516578,Turkey,3,16.886706373362806
38.720489,35.48259700000001,1052.75,1761069000.0,0.0,-35.154889240546524,-36.39177367050537,0.0018718870573062318,1.0,0.7872099913656712,0.04735625606263057,0.017467948761380588,7.328655977977215,Turkey,3,16.886706373362806
38.720489,35.48259700000001,1052.75,1761069000.0,0.0,-35.154889240546524,-36.39177367050537,0.0018718870573062318,1.0,0.7872099913656712,0.04735625606263057,0.017467948761380588,7.328655977977215,Turkey,3,16.886706373362806
38.710391,35.5452384,1104.15,1761069000.0,0.0,-35.2046742178578,-36.44165611550904,0.0018718870573062318,1.0,0.733990362783273,0.048821931681595744,0.023707631517512102,7.075919438516578,Turkey,3,16.886706373362806
38.687501,35.555568,1142.84,1761069000.0,0.0,-35.2186392297906,-36.45350398553596,0.0018718870573062318,1.0,0.6544771754338096,0.06361003647325561,0.035678332934427695,6.222878808772405,Turkey,3,16.886706373362806
38.7078702,35.5497838,1098.44,1761069000.0,0.0,-35.20877179771963,-36.445581200937184,0.0018718870573062318,1.0,0.7114898179347316,0.04594505990389734,0.02397387260959173,6.922516696823042,Turkey,3,16.886706373362806
39.69081456315225,29.14148531184229,780.36,1758136380.0,0.0,-33.65816344429452,-28.384834295566453,0.15979158847157732,0.004409880946493811,0.01804880394289891,0.007773898002778878,0.05494873941206606,0.3633143151023098,Turkey,6,20.79997557458062
39.60714392681005,29.1258801279444,846.35,1758137280.0,0.0,-35.93755634925674,-28.289158969288643,0.158949287324831,0.002825277986832791,0.00714956868517523,0.009921367180504603,0.07078234868046517,0.11795668023664217,Turkey,6,20.79997557458062
24.506264119583907,54.59286891889884,4.25,1758754800.0,0.0,-43.318689699431374,-79.13872858323589,0.09670375549408772,0.7918735378318362,0.6238740377749006,0.34234725445276126,0.07559543601115971,6.122775847889916,United Arab Emirates,3,16.886706373362806
31.31898050622609,31.465346636729777,0.93,1755647280.0,0.0,-38.78411255685037,-3.5597828919826764,0.11536136716177087,0.287367958161566,0.39662087882558505,0.34013278177808387,0.1879183517890245,3.9944902543673884,Egypt,1,14.741167312147088
24.4330079,54.56763059999999,3.81,1753374900.0,0.0,-17.984930383793593,-14.797386861549704,0.001349874076434665,0.9336741169293722,0.8519588594635328,0.3319142308842856,0.08250222772452011,7.84545127391428,United Arab Emirates,2,15.796320161757873
26.0667,50.5577,55.08,1748893920.0,0.0,-40.52328692718498,14.126410033058525,0.46572731820744995,0.9990469680892097,0.8868624212841193,0.17798502066361835,0.08513204749979195,8.07220033824374,Bahrain,2,15.796320161757873
31.7678318,35.2234391,752.77,1747422600.0,0.0,-28.212507546976756,-11.39619516013713,0.8456518880158969,1.0,0.8669715317587058,0.3175278686641832,0.11190276116418924,8.246635394559515,Israel,1,14.741167312147088
36.5758073,51.8297347,-17.48,1747089840.0,0.5,-26.609704778343204,22.865824073619297,0.9978352102354904,0.2289785048406985,0.12792444898805116,0.03529117308826244,0.06075422161932996,1.254750033571779,Iran,4,18.038141875960445
31.8746972,35.217757,773.11,1745701920.0,0.0,-44.05354353223965,-45.819314665719936,0.011173428800549112,0.9751887917518616,0.8136984003086885,0.4003006058632309,0.1136940588708967,8.030883364191448,Israel,4,18.038141875960445
31.7939856,35.2449217,809.77,1745865720.0,0.0,-27.743010104125222,-13.462514268420753,0.01622643739002949,1.0,0.8361606638878584,0.32537298119423214,0.14189471594072528,8.023468062323024,Israel,4,18.038141875960445
31.6655728,34.9604051,367.64,1745781780.0,0.0,-34.04204178746172,-31.35242515173797,0.0009588655126254175,0.22279040349854362,0.2549423439738651,0.38788771717008785,0.07758121697649283,2.8542597533961325,Israel,4,18.038141875960445
32.011535,34.9403151,68.4,1745784060.0,0.0,-38.45638710935429,-35.19439190639156,0.001023231548410275,0.9640951090388827,0.822070737183094,0.4179056100147136,0.09952021555800457,8.06771164908168,Israel,2,15.796320161757873
31.735587,35.18838,821.22,1745602440.0,0.0,-16.358945991149493,-41.20580894067352,0.05675225304891984,0.995068371295929,0.8036347138384978,0.3260111392035469,0.12195143158775561,7.815419053645775,Israel,4,18.038141875960445
31.666812015828405,34.96121296019502,361.08,1745694900.0,0.0,-33.14691619171911,-41.8166831303675,0.013221325603406331,0.22635606593555874,0.2531586419480542,0.39121231599383466,0.07771269820877932,2.7665612806973945,Israel,3,16.886706373362806
31.8521587,34.845727,67.81,1745005320.0,0.0,-38.666678379994025,-19.96017821140367,0.7123768941268342,0.9295565618409051,0.7588383086025715,0.4359667754797556,0.09568334490953324,7.0713757310787955,Israel,2,15.796320161757873
26.0667,50.5577,55.08,1745610960.0,0.5,-49.41345865336388,-55.63817633052248,0.05150240073666568,0.9990469680892097,0.8868624212841193,0.17798502066361835,0.08513204749979195,8.07220033824374,Bahrain,1,14.741167312147088
26.2481306,50.5035295,1.97,1745611020.0,0.5,-49.28314245689744,-55.39519934412168,0.05146628309065171,0.600906683339013,0.5467689296017245,0.2276485047510505,0.07943410398656851,5.159070999202713,Bahrain,1,14.741167312147088
26.2480896,50.5035345,1.99,1745610960.0,0.5,-49.22566664547701,-55.4994110834362,0.05150240073666568,0.600906683339013,0.5467689296017245,0.2276485047510505,0.07943410398656851,5.159070999202713,Bahrain,1,14.741167312147088
26.0667,50.5577,55.08,1745610960.0,0.5,-49.41345865336388,-55.63817633052248,0.05150240073666568,0.9990469680892097,0.8868624212841193,0.17798502066361835,0.08513204749979195,8.07220033824374,Bahrain,2,15.796320161757873
26.248042885902382,50.50351449896085,2.0,1745611140.0,0.5,-49.3941329452708,-55.183135360258895,0.05139408376063154,0.600906683339013,0.5467689296017245,0.2276485047510505,0.07943410398656851,5.159070999202713,Bahrain,3,16.886706373362806
26.2481477,50.5035066,1.96,1745610960.0,0.5,-49.22560403273331,-55.49937089000109,0.05150240073666568,0.600906683339013,0.5467689296017245,0.2276485047510505,0.07943410398656851,5.159070999202713,Bahrain,2,15.796320161757873
26.24827040353261,50.50383146382585,1.92,1745610960.0,0.5,-49.225561469687726,-55.49912839113165,0.05150240073666568,0.600906683339013,0.5467689296017245,0.2276485047510505,0.07943410398656851,5.159070999202713,Bahrain,2,15.796320161757873
26.24809856000897,50.50351203827334,1.98,1745611140.0,0.5,-49.39407839320869,-55.183087433052364,0.05139408376063154,0.600906683339013,0.5467689296017245,0.2276485047510505,0.07943410398656851,5.159070999202713,Bahrain,2,15.796320161757873
26.248116156436645,50.503509118599,1.97,1745610960.0,0.75,-49.225635075620616,-55.49939789809511,0.05150240073666568,0.600906683339013,0.5467689296017245,0.2276485047510505,0.07943410398656851,5.159070999202713,Bahrain,3,16.886706373362806
26.248105580903417,50.50354830853935,1.98,1745610960.0,0.75,-49.22565444273376,-55.49939120550203,0.05150240073666568,0.600906683339013,0.5467689296017245,0.2276485047510505,0.07943410398656851,5.159070999202713,Bahrain,1,14.741167312147088
26.2363578,50.5091927,1.17,1745610960.0,0.5,-49.23831538691338,-55.5075154835365,0.05150240073666568,0.8918401996294657,0.6353971428160246,0.22265957016716129,0.07873189677266054,6.204836516789396,Bahrain,1,14.741167312147088
31.773927,35.1997309,756.6,1745610240.0,0.0,-37.33313266683602,-53.163044027102856,0.051936747649809434,1.0,0.8731308549642562,0.3057190088697098,0.12573641311804143,8.278089531871117,Israel,2,15.796320161757873
31.739959823529443,35.199602411765,744.0,1745607780.0,0.0,-31.69030081421703,-51.457999844979,0.05343376675325978,1.0,0.8254018047203621,0.3024232646010205,0.11063406766528108,8.008438029264644,Israel,3,16.886706373362806
31.787331900732564,35.25384028008481,752.27,1745604360.0,0.0,-22.247201646045415,-45.68933252409493,0.05554827342083385,0.9980919692251418,0.8190736611063282,0.3389143957509077,0.1377111718233209,7.8800836277790225,Israel,1,14.741167312147088
31.7905345838813,35.24723195474152,802.98,1745603940.0,0.0,-20.986782066252733,-44.76741036854229,0.05581060875538307,1.0,0.8323897628734509,0.31927294344641266,0.14206759946682723,8.03131167734863,Israel,3,16.886706373362806
31.721395,34.742904,67.62,1745533200.0,0.25,-44.19786103845054,-36.967796775081624,0.1078729350482408,0.9802148938179016,0.5801879390453298,0.34250006349539036,0.09678765079806909,5.819057190792261,Israel,2,15.796320161757873
25.134356656658912,55.18521464752268,4.09,1745340480.0,0.0,-26.590822431151967,-76.54352606590341,0.3105857195533438,0.8994172149234347,0.6844065448696104,0.3248260274271161,0.1060943562197887,6.6197107329314955,United Arab Emirates,1,14.741167312147088
31.7688592,35.2076053,749.17,1745263260.0,0.75,-35.276032852612325,-53.12263689032417,0.40562826789583856,1.0,0.8517268372078737,0.30385160845726206,0.11624358057427647,8.206329435839432,Israel,2,15.796320161757873
31.7779879,35.2176234,794.74,1745261340.0,0.0,-30.3771039525088,-59.58504491397635,0.40802552026074784,1.0,0.8735467987755935,0.32393321339950487,0.11012406669469783,8.270553367379037,Israel,1,14.741167312147088
31.777726281434298,35.218051448464394,791.31,1745260860.0,0.0,-29.065603921339946,-61.17718759747452,0.4086249510625785,1.0,0.8735467987755935,0.32393321339950487,0.11012406669469783,8.270553367379037,Israel,1,14.741167312147088
31.901259173733976,34.995245221251665,232.27,1744135500.0,0.5,-25.074586617911674,68.0292071998122,0.8450432904248597,0.9571787516276041,0.7259155799945195,0.47024684935968253,0.07760757982468931,7.6419928534882064,Israel,1,14.741167312147088
31.76143613704869,35.17825176287063,759.19,1743710580.0,0.0,-45.8056597237587,21.151750834284304,0.3538694498277243,0.9998622271749709,0.8571784739693006,0.3363253397543303,0.1241499443819824,8.079769490862837,Israel,3,16.886706373362806
0.0,0.0,0.0,1743880260.0,0.0,-16.88893029795729,63.51341921337579,0.5704301692468439,0.00028195349538388353,0.000256613691453822,0.0002690721637918614,0.0002815362109686248,0.0027638662403002123,Israel,2,15.796320161757873
31.767028,35.224001,752.43,1743877380.0,0.0,-29.25583772467825,64.38582668386697,0.5668314214650072,1.0,0.8492637343704701,0.3125012944703485,0.11304156315939812,8.179068634871356,Israel,3,16.886706373362806
27.0830863,33.8676187,9.49,1743016500.0,0.0,-42.352160719230966,-74.36282750464852,0.09148638207410742,0.50113773614996,0.16063392253223963,0.021090382975671673,0.009155303654066908,1.829808367781826,Egypt,2,15.796320161757873
27.0830863,33.8676187,9.49,1743016140.0,0.0,-41.2115168473033,-73.76902739872534,0.09176088355204803,0.50113773614996,0.16063392253223963,0.021090382975671673,0.009155303654066908,1.829808367781826,Egypt,2,15.796320161757873
49.06811570307304,13.614673527132084,1115.67,1742588340.0,0.25,-28.013636708979206,-45.012082089898705,0.5523527812525175,0.0005782922251253492,0.0009138888121621373,0.011364647303707898,0.013889760299935005,0.030916740869636045,Egypt,5,19.302134051847233
33.44672940795066,54.09038381696361,925.06,1740680820.0,0.0,-50.86739329647973,-55.054036157786896,0.0013409080541169072,0.010146237702833282,0.010332884825766086,0.016947636124677957,0.011093355754079917,0.11605017074326214,Iran,6,20.79997557458062
24.1250213,32.8944394,84.72,1735933140.0,0.0,-59.21387125240695,-11.333580056095464,0.16629523684708314,0.9842343793974982,0.4379892837566634,0.044768314587054193,0.02587691433582222,5.247240066766096,Egypt,4,18.038141875960445
25.2945726,32.5575317,83.62,1735845120.0,0.5,-53.01715108725692,-18.680414664913727,0.09000884105565948,0.9962717493375143,0.4639610835971932,0.08661684890976176,0.05833571484157195,5.7093417225978795,Egypt,2,15.796320161757873
