site,lat,lon,elevation_m,light_point,skyglow_index,satellite_only_sqm,orbit_ai_sqm,bortle,nelm
Mosul center,36.3587,43.1307,223,0.9807,5.7143,18.51,18.46,6,4.3
Ba'ashiqa,36.452,43.348,385,0.0111,0.3742,20.39,20.79,4,6.0
Badush,36.5612,43.112,512,0.0137,0.424,20.3,20.81,4,6.0
Al-Hatra,35.589,42.718,238,0.0132,0.15,20.32,21.2,4,6.2
Mount Sinjar,36.371,41.874,1420,0.0106,0.1331,20.41,21.31,4,6.3
Baghdad,33.3152,44.3661,34,1.0,9.226,18.5,17.78,7,3.8
Basra,30.5081,47.7835,5,1.0,8.9171,18.5,17.71,7,3.7
Erbil,36.1911,44.0092,420,1.0,8.1223,18.5,18.31,6,4.2
Kirkuk,35.4673,44.3855,350,1.0,7.9945,18.5,18.3,6,4.2
Ar-Rutbah desert,32.8,40.0,693,0.0133,0.1394,20.31,21.25,4,6.3
