utc_time,body,position_error_deg,altitude_error_deg,orbit_mag,jpl_mag
2024-08-27 23:30,mercury,0.0014,-0.334,1.77,1.631
2024-08-27 23:30,venus,0.0128,-0.157,-3.91,-3.882
2024-08-27 23:30,mars,0.0108,-0.420,0.76,0.736
2024-08-27 23:30,jupiter,0.0356,-0.389,-2.26,-2.236
2024-08-27 23:30,saturn,0.0787,0.274,0.74,0.624
2024-08-27 23:30,uranus,0.0153,-0.419,5.71,5.732
2024-08-27 23:30,neptune,0.0116,0.132,7.82,7.688
2024-08-27 23:30,pluto,0.0178,0.344,14.40,14.438
2024-08-27 23:30,moon,,1.044,,-9.262
2026-09-26 21:00,mercury,0.0045,0.275,-0.13,-0.166
2026-09-26 21:00,venus,0.0104,0.394,-4.55,-4.799
2026-09-26 21:00,mars,0.0045,-0.360,1.15,1.128
2026-09-26 21:00,jupiter,0.0251,-0.328,-1.86,-1.859
2026-09-26 21:00,saturn,0.0766,-0.097,0.63,0.367
2026-09-26 21:00,uranus,0.0059,-0.433,5.64,5.659
2026-09-26 21:00,neptune,0.0163,-0.003,7.81,7.679
2026-09-26 21:00,pluto,0.0123,0.330,14.49,14.542
2026-09-26 21:00,moon,,0.304,,-12.688
2030-03-15 19:00,mercury,0.0091,0.384,-1.62,-1.646
2030-03-15 19:00,venus,0.0042,-0.210,-4.41,-4.52
2030-03-15 19:00,mars,0.0113,0.407,1.28,1.253
2030-03-15 19:00,jupiter,0.0177,-0.461,-2.25,-2.239
2030-03-15 19:00,saturn,0.0609,0.500,0.84,0.228
2030-03-15 19:00,uranus,0.0038,0.453,5.66,5.673
2030-03-15 19:00,neptune,0.0029,0.399,7.95,7.819
2030-03-15 19:00,pluto,0.0022,-0.170,14.66,14.709
2030-03-15 19:00,moon,,0.388,,-11.398
